date,security,price,volume
2018-01-01,XBTUSD Curncy,13624.57,
2018-01-02,XBTUSD Curncy,14784.6,
2018-01-03,XBTUSD Curncy,15055.23,
2018-01-04,XBTUSD Curncy,14946.35,
2018-01-05,XBTUSD Curncy,16753.24,
2018-01-08,XBTUSD Curncy,14935.7,
2018-01-09,XBTUSD Curncy,14554.08,
2018-01-10,XBTUSD Curncy,14494.74,
2018-01-11,XBTUSD Curncy,13462.98,
2018-01-12,XBTUSD Curncy,13746.58,
2018-01-15,XBTUSD Curncy,13916.82,
2018-01-16,XBTUSD Curncy,10720.0,
2018-01-17,XBTUSD Curncy,11376.69,
2018-01-18,XBTUSD Curncy,11605.5,
2018-01-19,XBTUSD Curncy,11366.61,
2018-01-22,XBTUSD Curncy,10354.0,
2018-01-23,XBTUSD Curncy,10981.05,
2018-01-24,XBTUSD Curncy,11213.37,
2018-01-25,XBTUSD Curncy,11256.52,
2018-01-26,XBTUSD Curncy,10874.79,
2018-01-29,XBTUSD Curncy,11207.0,
2018-01-30,XBTUSD Curncy,10086.8,
2018-01-31,XBTUSD Curncy,9962.31,
2018-02-01,XBTUSD Curncy,9094.2,
2018-02-02,XBTUSD Curncy,8570.0,
2018-02-05,XBTUSD Curncy,7100.87,
2018-02-06,XBTUSD Curncy,7764.6,
2018-02-07,XBTUSD Curncy,8087.51,
2018-02-08,XBTUSD Curncy,8171.19,
2018-02-09,XBTUSD Curncy,8552.65,
2018-02-12,XBTUSD Curncy,8831.25,
2018-02-13,XBTUSD Curncy,8557.91,
2018-02-14,XBTUSD Curncy,9287.96,
2018-02-15,XBTUSD Curncy,9873.45,
2018-02-16,XBTUSD Curncy,10088.2,
2018-02-19,XBTUSD Curncy,11081.41,
2018-02-20,XBTUSD Curncy,11705.73,
2018-02-21,XBTUSD Curncy,10286.84,
2018-02-22,XBTUSD Curncy,9915.69,
2018-02-23,XBTUSD Curncy,9920.01,
2018-02-26,XBTUSD Curncy,10380.3,
2018-02-27,XBTUSD Curncy,10755.9,
2018-02-28,XBTUSD Curncy,10538.02,
2018-03-01,XBTUSD Curncy,10933.75,
2018-03-02,XBTUSD Curncy,11029.95,
2018-03-05,XBTUSD Curncy,11555.99,
2018-03-06,XBTUSD Curncy,10790.35,
2018-03-07,XBTUSD Curncy,9939.53,
2018-03-08,XBTUSD Curncy,9330.23,
2018-03-09,XBTUSD Curncy,9004.84,
2018-03-12,XBTUSD Curncy,9017.65,
2018-03-13,XBTUSD Curncy,9062.92,
2018-03-14,XBTUSD Curncy,8304.32,
2018-03-15,XBTUSD Curncy,8251.71,
2018-03-16,XBTUSD Curncy,8524.17,
2018-03-19,XBTUSD Curncy,8427.2,
2018-03-20,XBTUSD Curncy,8920.33,
2018-03-21,XBTUSD Curncy,8895.59,
2018-03-22,XBTUSD Curncy,8598.85,
2018-03-23,XBTUSD Curncy,8616.25,
2018-03-26,XBTUSD Curncy,7888.84,
2018-03-27,XBTUSD Curncy,7990.87,
2018-03-28,XBTUSD Curncy,7906.96,
2018-03-29,XBTUSD Curncy,7098.14,
2018-03-30,XBTUSD Curncy,6852.51,
2018-04-02,XBTUSD Curncy,6937.38,
2018-04-03,XBTUSD Curncy,7401.4,
2018-04-04,XBTUSD Curncy,6830.76,
2018-04-05,XBTUSD Curncy,6749.55,
2018-04-06,XBTUSD Curncy,6604.48,
2018-04-09,XBTUSD Curncy,6662.14,
2018-04-10,XBTUSD Curncy,6839.62,
2018-04-11,XBTUSD Curncy,6891.03,
2018-04-12,XBTUSD Curncy,7730.47,
2018-04-13,XBTUSD Curncy,7903.91,
2018-04-16,XBTUSD Curncy,7986.06,
2018-04-17,XBTUSD Curncy,7914.7,
2018-04-18,XBTUSD Curncy,8187.53,
2018-04-19,XBTUSD Curncy,8233.85,
2018-04-20,XBTUSD Curncy,8524.52,
2018-04-23,XBTUSD Curncy,8932.25,
2018-04-24,XBTUSD Curncy,9449.88,
2018-04-25,XBTUSD Curncy,9073.19,
2018-04-26,XBTUSD Curncy,9118.96,
2018-04-27,XBTUSD Curncy,8977.07,
2018-04-30,XBTUSD Curncy,9272.7,
2018-05-01,XBTUSD Curncy,9015.73,
2018-05-02,XBTUSD Curncy,9175.76,
2018-05-03,XBTUSD Curncy,9652.04,
2018-05-04,XBTUSD Curncy,9683.54,
2018-05-07,XBTUSD Curncy,9437.62,
2018-05-08,XBTUSD Curncy,9160.97,
2018-05-09,XBTUSD Curncy,9248.19,
2018-05-10,XBTUSD Curncy,9092.67,
2018-05-11,XBTUSD Curncy,8432.01,
2018-05-14,XBTUSD Curncy,8811.66,
2018-05-15,XBTUSD Curncy,8518.76,
2018-05-16,XBTUSD Curncy,8291.23,
2018-05-17,XBTUSD Curncy,8204.05,
2018-05-18,XBTUSD Curncy,8229.58,
2018-05-21,XBTUSD Curncy,8406.89,
2018-05-22,XBTUSD Curncy,8108.52,
2018-05-23,XBTUSD Curncy,7590.0,
2018-05-24,XBTUSD Curncy,7552.45,
2018-05-25,XBTUSD Curncy,7448.08,
2018-05-28,XBTUSD Curncy,7214.8,
2018-05-29,XBTUSD Curncy,7501.54,
2018-05-30,XBTUSD Curncy,7337.26,
2018-05-31,XBTUSD Curncy,7538.28,
2018-06-01,XBTUSD Curncy,7437.74,
2018-06-04,XBTUSD Curncy,7525.77,
2018-06-05,XBTUSD Curncy,7629.53,
2018-06-06,XBTUSD Curncy,7619.32,
2018-06-07,XBTUSD Curncy,7660.06,
2018-06-08,XBTUSD Curncy,7646.28,
2018-06-11,XBTUSD Curncy,6760.89,
2018-06-12,XBTUSD Curncy,6531.39,
2018-06-13,XBTUSD Curncy,6260.96,
2018-06-14,XBTUSD Curncy,6658.78,
2018-06-15,XBTUSD Curncy,6497.97,
2018-06-18,XBTUSD Curncy,6727.55,
2018-06-19,XBTUSD Curncy,6695.44,
2018-06-20,XBTUSD Curncy,6748.89,
2018-06-21,XBTUSD Curncy,6719.47,
2018-06-22,XBTUSD Curncy,6070.19,
2018-06-25,XBTUSD Curncy,6250.81,
2018-06-26,XBTUSD Curncy,6181.64,
2018-06-27,XBTUSD Curncy,6124.96,
2018-06-28,XBTUSD Curncy,6044.92,
2018-06-29,XBTUSD Curncy,5899.64,
2018-07-02,XBTUSD Curncy,6620.01,
2018-07-03,XBTUSD Curncy,6613.86,
2018-07-04,XBTUSD Curncy,6686.23,
2018-07-05,XBTUSD Curncy,6507.68,
2018-07-06,XBTUSD Curncy,6570.76,
2018-07-09,XBTUSD Curncy,6695.86,
2018-07-10,XBTUSD Curncy,6387.83,
2018-07-11,XBTUSD Curncy,6354.19,
2018-07-12,XBTUSD Curncy,6172.95,
2018-07-13,XBTUSD Curncy,6185.23,
2018-07-16,XBTUSD Curncy,6661.85,
2018-07-17,XBTUSD Curncy,7314.0,
2018-07-18,XBTUSD Curncy,7336.6,
2018-07-19,XBTUSD Curncy,7418.83,
2018-07-20,XBTUSD Curncy,7351.07,
2018-07-23,XBTUSD Curncy,7702.88,
2018-07-24,XBTUSD Curncy,8227.05,
2018-07-25,XBTUSD Curncy,8176.35,
2018-07-26,XBTUSD Curncy,8138.47,
2018-07-27,XBTUSD Curncy,8225.12,
2018-07-30,XBTUSD Curncy,8146.16,
2018-07-31,XBTUSD Curncy,7689.43,
2018-08-01,XBTUSD Curncy,7482.23,
2018-08-02,XBTUSD Curncy,7546.53,
2018-08-03,XBTUSD Curncy,7388.58,
2018-08-06,XBTUSD Curncy,6919.84,
2018-08-07,XBTUSD Curncy,6877.76,
2018-08-08,XBTUSD Curncy,6316.9,
2018-08-09,XBTUSD Curncy,6507.67,
2018-08-10,XBTUSD Curncy,6191.24,
2018-08-13,XBTUSD Curncy,6277.69,
2018-08-14,XBTUSD Curncy,6074.26,
2018-08-15,XBTUSD Curncy,6374.87,
2018-08-16,XBTUSD Curncy,6255.1,
2018-08-17,XBTUSD Curncy,6480.85,
2018-08-20,XBTUSD Curncy,6455.22,
2018-08-21,XBTUSD Curncy,6451.86,
2018-08-22,XBTUSD Curncy,6331.13,
2018-08-23,XBTUSD Curncy,6418.67,
2018-08-24,XBTUSD Curncy,6611.44,
2018-08-27,XBTUSD Curncy,6719.04,
2018-08-28,XBTUSD Curncy,7083.46,
2018-08-29,XBTUSD Curncy,7042.05,
2018-08-30,XBTUSD Curncy,6916.68,
2018-08-31,XBTUSD Curncy,7044.6,
2018-09-03,XBTUSD Curncy,7298.59,
2018-09-04,XBTUSD Curncy,7361.57,
2018-09-05,XBTUSD Curncy,6949.01,
2018-09-06,XBTUSD Curncy,6440.22,
2018-09-07,XBTUSD Curncy,6446.93,
2018-09-10,XBTUSD Curncy,6301.63,
2018-09-11,XBTUSD Curncy,6253.25,
2018-09-12,XBTUSD Curncy,6305.47,
2018-09-13,XBTUSD Curncy,6467.47,
2018-09-14,XBTUSD Curncy,6535.01,
2018-09-17,XBTUSD Curncy,6216.01,
2018-09-18,XBTUSD Curncy,6317.7,
2018-09-19,XBTUSD Curncy,6423.81,
2018-09-20,XBTUSD Curncy,6377.21,
2018-09-21,XBTUSD Curncy,6708.69,
2018-09-24,XBTUSD Curncy,6626.29,
2018-09-25,XBTUSD Curncy,6386.6,
2018-09-26,XBTUSD Curncy,6497.72,
2018-09-27,XBTUSD Curncy,6694.08,
2018-09-28,XBTUSD Curncy,6643.42,
2018-10-01,XBTUSD Curncy,6550.06,
2018-10-02,XBTUSD Curncy,6524.3,
2018-10-03,XBTUSD Curncy,6438.41,
2018-10-04,XBTUSD Curncy,6546.01,
2018-10-05,XBTUSD Curncy,6539.04,
2018-10-08,XBTUSD Curncy,6623.01,
2018-10-09,XBTUSD Curncy,6579.83,
2018-10-10,XBTUSD Curncy,6534.38,
2018-10-11,XBTUSD Curncy,6204.33,
2018-10-12,XBTUSD Curncy,6214.23,
2018-10-15,XBTUSD Curncy,6390.7,
2018-10-16,XBTUSD Curncy,6460.39,
2018-10-17,XBTUSD Curncy,6437.85,
2018-10-18,XBTUSD Curncy,6392.22,
2018-10-19,XBTUSD Curncy,6384.37,
2018-10-22,XBTUSD Curncy,6413.52,
2018-10-23,XBTUSD Curncy,6390.78,
2018-10-24,XBTUSD Curncy,6425.61,
2018-10-25,XBTUSD Curncy,6400.44,
2018-10-26,XBTUSD Curncy,6401.99,
2018-10-29,XBTUSD Curncy,6243.46,
2018-10-30,XBTUSD Curncy,6265.27,
2018-10-31,XBTUSD Curncy,6302.4,
2018-11-01,XBTUSD Curncy,6335.36,
2018-11-02,XBTUSD Curncy,6351.1,
2018-11-05,XBTUSD Curncy,6400.96,
2018-11-06,XBTUSD Curncy,6420.95,
2018-11-07,XBTUSD Curncy,6501.65,
2018-11-08,XBTUSD Curncy,6419.5,
2018-11-09,XBTUSD Curncy,6326.2,
2018-11-12,XBTUSD Curncy,6309.96,
2018-11-13,XBTUSD Curncy,6280.74,
2018-11-14,XBTUSD Curncy,5551.06,
2018-11-15,XBTUSD Curncy,5469.65,
2018-11-16,XBTUSD Curncy,5451.72,
2018-11-19,XBTUSD Curncy,4785.55,
2018-11-20,XBTUSD Curncy,4337.68,
2018-11-21,XBTUSD Curncy,4450.42,
2018-11-22,XBTUSD Curncy,4427.83,
2018-11-23,XBTUSD Curncy,4260.57,
2018-11-26,XBTUSD Curncy,3663.84,
2018-11-27,XBTUSD Curncy,3767.37,
2018-11-28,XBTUSD Curncy,4221.02,
2018-11-29,XBTUSD Curncy,4183.59,
2018-11-30,XBTUSD Curncy,3930.38,
2018-12-03,XBTUSD Curncy,3870.97,
2018-12-04,XBTUSD Curncy,3898.03,
2018-12-05,XBTUSD Curncy,3723.53,
2018-12-06,XBTUSD Curncy,3596.41,
2018-12-07,XBTUSD Curncy,3388.91,
2018-12-10,XBTUSD Curncy,3400.92,
2018-12-11,XBTUSD Curncy,3373.78,
2018-12-12,XBTUSD Curncy,3440.18,
2018-12-13,XBTUSD Curncy,3254.81,
2018-12-14,XBTUSD Curncy,3156.89,
2018-12-17,XBTUSD Curncy,3493.65,
2018-12-18,XBTUSD Curncy,3535.18,
2018-12-19,XBTUSD Curncy,3668.85,
2018-12-20,XBTUSD Curncy,3993.58,
2018-12-21,XBTUSD Curncy,3848.6,
2018-12-24,XBTUSD Curncy,4063.94,
2018-12-25,XBTUSD Curncy,3789.31,
2018-12-26,XBTUSD Curncy,3775.48,
2018-12-27,XBTUSD Curncy,3585.43,
2018-12-28,XBTUSD Curncy,3892.14,
2018-12-31,XBTUSD Curncy,3674.18,
2019-01-01,XBTUSD Curncy,3720.6,
2019-01-02,XBTUSD Curncy,3884.98,
2019-01-03,XBTUSD Curncy,3794.92,
2019-01-04,XBTUSD Curncy,3833.53,
2019-01-07,XBTUSD Curncy,4005.34,
2019-01-08,XBTUSD Curncy,4000.42,
2019-01-09,XBTUSD Curncy,4003.99,
2019-01-10,XBTUSD Curncy,3630.86,
2019-01-11,XBTUSD Curncy,3649.22,
2019-01-14,XBTUSD Curncy,3663.59,
2019-01-15,XBTUSD Curncy,3568.48,
2019-01-16,XBTUSD Curncy,3603.49,
2019-01-17,XBTUSD Curncy,3624.82,
2019-01-18,XBTUSD Curncy,3612.39,
2019-01-21,XBTUSD Curncy,3521.04,
2019-01-22,XBTUSD Curncy,3574.52,
2019-01-23,XBTUSD Curncy,3544.51,
2019-01-24,XBTUSD Curncy,3570.93,
2019-01-25,XBTUSD Curncy,3558.51,
2019-01-28,XBTUSD Curncy,3417.04,
2019-01-29,XBTUSD Curncy,3401.14,
2019-01-30,XBTUSD Curncy,3432.64,
2019-01-31,XBTUSD Curncy,3417.04,
2019-02-01,XBTUSD Curncy,3448.51,
2019-02-04,XBTUSD Curncy,3417.03,
2019-02-05,XBTUSD Curncy,3422.6,
2019-02-06,XBTUSD Curncy,3366.32,
2019-02-07,XBTUSD Curncy,3358.91,
2019-02-08,XBTUSD Curncy,3594.91,
2019-02-11,XBTUSD Curncy,3591.59,
2019-02-12,XBTUSD Curncy,3576.31,
2019-02-13,XBTUSD Curncy,3571.42,
2019-02-14,XBTUSD Curncy,3570.02,
2019-02-15,XBTUSD Curncy,3564.79,
2019-02-18,XBTUSD Curncy,3852.25,
2019-02-19,XBTUSD Curncy,3887.89,
2019-02-20,XBTUSD Curncy,3912.98,
2019-02-21,XBTUSD Curncy,3897.72,
2019-02-22,XBTUSD Curncy,3941.75,
2019-02-25,XBTUSD Curncy,3805.67,
2019-02-26,XBTUSD Curncy,3790.19,
2019-02-27,XBTUSD Curncy,3749.38,
2019-02-28,XBTUSD Curncy,3802.53,
2019-03-01,XBTUSD Curncy,3828.22,
2019-03-04,XBTUSD Curncy,3699.76,
2019-03-05,XBTUSD Curncy,3833.97,
2019-03-06,XBTUSD Curncy,3845.71,
2019-03-07,XBTUSD Curncy,3871.42,
2019-03-08,XBTUSD Curncy,3868.84,
2019-03-11,XBTUSD Curncy,3847.91,
2019-03-12,XBTUSD Curncy,3865.41,
2019-03-13,XBTUSD Curncy,3852.32,
2019-03-14,XBTUSD Curncy,3851.57,
2019-03-15,XBTUSD Curncy,3897.41,
2019-03-18,XBTUSD Curncy,3971.19,
2019-03-19,XBTUSD Curncy,3991.47,
2019-03-20,XBTUSD Curncy,4009.47,
2019-03-21,XBTUSD Curncy,3973.24,
2019-03-22,XBTUSD Curncy,3977.74,
2019-03-25,XBTUSD Curncy,3887.56,
2019-03-26,XBTUSD Curncy,3912.6,
2019-03-27,XBTUSD Curncy,4008.98,
2019-03-28,XBTUSD Curncy,4010.76,
2019-03-29,XBTUSD Curncy,4072.16,
2019-04-01,XBTUSD Curncy,4126.69,
2019-04-02,XBTUSD Curncy,4802.47,
2019-04-03,XBTUSD Curncy,5296.0,
2019-04-04,XBTUSD Curncy,4847.05,
2019-04-05,XBTUSD Curncy,4999.01,
2019-04-08,XBTUSD Curncy,5252.89,
2019-04-09,XBTUSD Curncy,5220.08,
2019-04-10,XBTUSD Curncy,5302.92,
2019-04-11,XBTUSD Curncy,5054.03,
2019-04-12,XBTUSD Curncy,5042.54,
2019-04-15,XBTUSD Curncy,5021.53,
2019-04-16,XBTUSD Curncy,5185.02,
2019-04-17,XBTUSD Curncy,5221.26,
2019-04-18,XBTUSD Curncy,5308.57,
2019-04-19,XBTUSD Curncy,5269.97,
2019-04-22,XBTUSD Curncy,5365.89,
2019-04-23,XBTUSD Curncy,5580.07,
2019-04-24,XBTUSD Curncy,5435.81,
2019-04-25,XBTUSD Curncy,5495.18,
2019-04-26,XBTUSD Curncy,5097.52,
2019-04-29,XBTUSD Curncy,5129.68,
2019-04-30,XBTUSD Curncy,5237.87,
2019-05-01,XBTUSD Curncy,5307.8,
2019-05-02,XBTUSD Curncy,5405.46,
2019-05-03,XBTUSD Curncy,5689.05,
2019-05-06,XBTUSD Curncy,5693.95,
2019-05-07,XBTUSD Curncy,5844.63,
2019-05-08,XBTUSD Curncy,5900.67,
2019-05-09,XBTUSD Curncy,6080.72,
2019-05-10,XBTUSD Curncy,6291.33,
2019-05-13,XBTUSD Curncy,7864.38,
2019-05-14,XBTUSD Curncy,7719.93,
2019-05-15,XBTUSD Curncy,8171.07,
2019-05-16,XBTUSD Curncy,7676.51,
2019-05-17,XBTUSD Curncy,7106.31,
2019-05-20,XBTUSD Curncy,8006.98,
2019-05-21,XBTUSD Curncy,8086.18,
2019-05-22,XBTUSD Curncy,7832.46,
2019-05-23,XBTUSD Curncy,7878.46,
2019-05-24,XBTUSD Curncy,8112.36,
2019-05-27,XBTUSD Curncy,8754.64,
2019-05-28,XBTUSD Curncy,8687.79,
2019-05-29,XBTUSD Curncy,8646.35,
2019-05-30,XBTUSD Curncy,8463.48,
2019-05-31,XBTUSD Curncy,8503.38,
2019-06-03,XBTUSD Curncy,8556.11,
2019-06-04,XBTUSD Curncy,7651.38,
2019-06-05,XBTUSD Curncy,7732.88,
2019-06-06,XBTUSD Curncy,7690.61,
2019-06-07,XBTUSD Curncy,7898.63,
2019-06-10,XBTUSD Curncy,7943.46,
2019-06-11,XBTUSD Curncy,7926.36,
2019-06-12,XBTUSD Curncy,8120.45,
2019-06-13,XBTUSD Curncy,8261.05,
2019-06-14,XBTUSD Curncy,8452.83,
2019-06-17,XBTUSD Curncy,9273.06,
2019-06-18,XBTUSD Curncy,9125.34,
2019-06-19,XBTUSD Curncy,9167.27,
2019-06-20,XBTUSD Curncy,9562.66,
2019-06-21,XBTUSD Curncy,9939.81,
2019-06-24,XBTUSD Curncy,10856.69,
2019-06-25,XBTUSD Curncy,11366.24,
2019-06-26,XBTUSD Curncy,12733.71,
2019-06-27,XBTUSD Curncy,10686.14,
2019-06-28,XBTUSD Curncy,12212.7,
2019-07-01,XBTUSD Curncy,10481.86,
2019-07-02,XBTUSD Curncy,10714.88,
2019-07-03,XBTUSD Curncy,11378.23,
2019-07-04,XBTUSD Curncy,11721.74,
2019-07-05,XBTUSD Curncy,11034.0,
2019-07-08,XBTUSD Curncy,12207.1,
2019-07-09,XBTUSD Curncy,12401.88,
2019-07-10,XBTUSD Curncy,11778.8,
2019-07-11,XBTUSD Curncy,11146.07,
2019-07-12,XBTUSD Curncy,11907.36,
2019-07-15,XBTUSD Curncy,10821.99,
2019-07-16,XBTUSD Curncy,9595.05,
2019-07-17,XBTUSD Curncy,9686.99,
2019-07-18,XBTUSD Curncy,10616.88,
2019-07-19,XBTUSD Curncy,10529.52,
2019-07-22,XBTUSD Curncy,10322.33,
2019-07-23,XBTUSD Curncy,10147.93,
2019-07-24,XBTUSD Curncy,9671.71,
2019-07-25,XBTUSD Curncy,9874.05,
2019-07-26,XBTUSD Curncy,9834.23,
2019-07-29,XBTUSD Curncy,9516.61,
2019-07-30,XBTUSD Curncy,9541.65,
2019-07-31,XBTUSD Curncy,10026.61,
2019-08-01,XBTUSD Curncy,10411.97,
2019-08-02,XBTUSD Curncy,10399.38,
2019-08-05,XBTUSD Curncy,11723.69,
2019-08-06,XBTUSD Curncy,11643.41,
2019-08-07,XBTUSD Curncy,11863.77,
2019-08-08,XBTUSD Curncy,11595.78,
2019-08-09,XBTUSD Curncy,11864.63,
2019-08-12,XBTUSD Curncy,11418.31,
2019-08-13,XBTUSD Curncy,10882.13,
2019-08-14,XBTUSD Curncy,10171.6,
2019-08-15,XBTUSD Curncy,10372.72,
2019-08-16,XBTUSD Curncy,10395.4,
2019-08-19,XBTUSD Curncy,10678.85,
2019-08-20,XBTUSD Curncy,10706.71,
2019-08-21,XBTUSD Curncy,10155.19,
2019-08-22,XBTUSD Curncy,10182.76,
2019-08-23,XBTUSD Curncy,10361.52,
2019-08-26,XBTUSD Curncy,10265.73,
2019-08-27,XBTUSD Curncy,10143.08,
2019-08-28,XBTUSD Curncy,9669.45,
2019-08-29,XBTUSD Curncy,9526.03,
2019-08-30,XBTUSD Curncy,9626.18,
2019-09-02,XBTUSD Curncy,10408.87,
2019-09-03,XBTUSD Curncy,10712.47,
2019-09-04,XBTUSD Curncy,10626.01,
2019-09-05,XBTUSD Curncy,10518.1,
2019-09-06,XBTUSD Curncy,10356.88,
2019-09-09,XBTUSD Curncy,10237.89,
2019-09-10,XBTUSD Curncy,10052.99,
2019-09-11,XBTUSD Curncy,10099.08,
2019-09-12,XBTUSD Curncy,10331.07,
2019-09-13,XBTUSD Curncy,10270.67,
2019-09-16,XBTUSD Curncy,10215.87,
2019-09-17,XBTUSD Curncy,10250.3,
2019-09-18,XBTUSD Curncy,10196.93,
2019-09-19,XBTUSD Curncy,10258.85,
2019-09-20,XBTUSD Curncy,10135.94,
2019-09-23,XBTUSD Curncy,9765.49,
2019-09-24,XBTUSD Curncy,8582.0,
2019-09-25,XBTUSD Curncy,8511.8,
2019-09-26,XBTUSD Curncy,8094.12,
2019-09-27,XBTUSD Curncy,8060.97,
2019-09-30,XBTUSD Curncy,8240.9,
2019-10-01,XBTUSD Curncy,8380.24,
2019-10-02,XBTUSD Curncy,8235.09,
2019-10-03,XBTUSD Curncy,8161.33,
2019-10-04,XBTUSD Curncy,8170.58,
2019-10-07,XBTUSD Curncy,8218.03,
2019-10-08,XBTUSD Curncy,8130.26,
2019-10-09,XBTUSD Curncy,8590.16,
2019-10-10,XBTUSD Curncy,8580.86,
2019-10-11,XBTUSD Curncy,8342.93,
2019-10-14,XBTUSD Curncy,8343.42,
2019-10-15,XBTUSD Curncy,8144.33,
2019-10-16,XBTUSD Curncy,7988.24,
2019-10-17,XBTUSD Curncy,8046.49,
2019-10-18,XBTUSD Curncy,7947.7,
2019-10-21,XBTUSD Curncy,8207.68,
2019-10-22,XBTUSD Curncy,8125.1,
2019-10-23,XBTUSD Curncy,7491.38,
2019-10-24,XBTUSD Curncy,7456.59,
2019-10-25,XBTUSD Curncy,8574.4,
2019-10-28,XBTUSD Curncy,9456.3,
2019-10-29,XBTUSD Curncy,9446.04,
2019-10-30,XBTUSD Curncy,9184.99,
2019-10-31,XBTUSD Curncy,9189.42,
2019-11-01,XBTUSD Curncy,9212.68,
2019-11-04,XBTUSD Curncy,9443.36,
2019-11-05,XBTUSD Curncy,9357.06,
2019-11-06,XBTUSD Curncy,9314.92,
2019-11-07,XBTUSD Curncy,9209.87,
2019-11-08,XBTUSD Curncy,8866.55,
2019-11-11,XBTUSD Curncy,8736.17,
2019-11-12,XBTUSD Curncy,8764.95,
2019-11-13,XBTUSD Curncy,8753.01,
2019-11-14,XBTUSD Curncy,8651.15,
2019-11-15,XBTUSD Curncy,8453.89,
2019-11-18,XBTUSD Curncy,8218.67,
2019-11-19,XBTUSD Curncy,8108.09,
2019-11-20,XBTUSD Curncy,8087.79,
2019-11-21,XBTUSD Curncy,7598.7,
2019-11-22,XBTUSD Curncy,7343.85,
2019-11-25,XBTUSD Curncy,7214.3,
2019-11-26,XBTUSD Curncy,7113.51,
2019-11-27,XBTUSD Curncy,7550.08,
2019-11-28,XBTUSD Curncy,7564.94,
2019-11-29,XBTUSD Curncy,7710.34,
2019-12-02,XBTUSD Curncy,7319.36,
2019-12-03,XBTUSD Curncy,7329.85,
2019-12-04,XBTUSD Curncy,7187.39,
2019-12-05,XBTUSD Curncy,7379.66,
2019-12-06,XBTUSD Curncy,7469.48,
2019-12-09,XBTUSD Curncy,7356.78,
2019-12-10,XBTUSD Curncy,7222.09,
2019-12-11,XBTUSD Curncy,7191.95,
2019-12-12,XBTUSD Curncy,7200.62,
2019-12-13,XBTUSD Curncy,7240.62,
2019-12-16,XBTUSD Curncy,6876.58,
2019-12-17,XBTUSD Curncy,6616.45,
2019-12-18,XBTUSD Curncy,7131.58,
2019-12-19,XBTUSD Curncy,7157.05,
2019-12-20,XBTUSD Curncy,7198.73,
2019-12-23,XBTUSD Curncy,7319.77,
2019-12-24,XBTUSD Curncy,7246.81,
2019-12-25,XBTUSD Curncy,7211.27,
2019-12-26,XBTUSD Curncy,7189.08,
2019-12-27,XBTUSD Curncy,7219.5,
2019-12-30,XBTUSD Curncy,7243.35,
2019-12-31,XBTUSD Curncy,7158.27,
2020-01-01,XBTUSD Curncy,7216.21,
2020-01-02,XBTUSD Curncy,6960.58,
2020-01-03,XBTUSD Curncy,7269.82,
2020-01-06,XBTUSD Curncy,7575.93,
2020-01-07,XBTUSD Curncy,8021.36,
2020-01-08,XBTUSD Curncy,8004.26,
2020-01-09,XBTUSD Curncy,7786.84,
2020-01-10,XBTUSD Curncy,8043.69,
2020-01-13,XBTUSD Curncy,8131.06,
2020-01-14,XBTUSD Curncy,8736.16,
2020-01-15,XBTUSD Curncy,8821.69,
2020-01-16,XBTUSD Curncy,8678.8,
2020-01-17,XBTUSD Curncy,8906.32,
2020-01-20,XBTUSD Curncy,8671.68,
2020-01-21,XBTUSD Curncy,8721.88,
2020-01-22,XBTUSD Curncy,8640.65,
2020-01-23,XBTUSD Curncy,8382.87,
2020-01-24,XBTUSD Curncy,8406.05,
2020-01-27,XBTUSD Curncy,8945.5,
2020-01-28,XBTUSD Curncy,9042.56,
2020-01-29,XBTUSD Curncy,9354.7,
2020-01-30,XBTUSD Curncy,9552.18,
2020-01-31,XBTUSD Curncy,9354.29,
2020-02-03,XBTUSD Curncy,9274.19,
2020-02-04,XBTUSD Curncy,9139.77,
2020-02-05,XBTUSD Curncy,9687.28,
2020-02-06,XBTUSD Curncy,9737.36,
2020-02-07,XBTUSD Curncy,9744.46,
2020-02-10,XBTUSD Curncy,9866.28,
2020-02-11,XBTUSD Curncy,10236.53,
2020-02-12,XBTUSD Curncy,10389.08,
2020-02-13,XBTUSD Curncy,10180.13,
2020-02-14,XBTUSD Curncy,10344.55,
2020-02-17,XBTUSD Curncy,9646.95,
2020-02-18,XBTUSD Curncy,10154.96,
2020-02-19,XBTUSD Curncy,9612.05,
2020-02-20,XBTUSD Curncy,9610.56,
2020-02-21,XBTUSD Curncy,9674.01,
2020-02-24,XBTUSD Curncy,9606.78,
2020-02-25,XBTUSD Curncy,9383.9,
2020-02-26,XBTUSD Curncy,8747.24,
2020-02-27,XBTUSD Curncy,8757.31,
2020-02-28,XBTUSD Curncy,8671.27,
2020-03-02,XBTUSD Curncy,8945.93,
2020-03-03,XBTUSD Curncy,8738.3,
2020-03-04,XBTUSD Curncy,8732.24,
2020-03-05,XBTUSD Curncy,9115.82,
2020-03-06,XBTUSD Curncy,9138.35,
2020-03-09,XBTUSD Curncy,7861.2,
2020-03-10,XBTUSD Curncy,7999.1,
2020-03-11,XBTUSD Curncy,7863.14,
2020-03-12,XBTUSD Curncy,5725.35,
2020-03-13,XBTUSD Curncy,5434.09,
2020-03-16,XBTUSD Curncy,4904.48,
2020-03-17,XBTUSD Curncy,5469.8,
2020-03-18,XBTUSD Curncy,5338.27,
2020-03-19,XBTUSD Curncy,6254.32,
2020-03-20,XBTUSD Curncy,5971.92,
2020-03-23,XBTUSD Curncy,6414.54,
2020-03-24,XBTUSD Curncy,6752.28,
2020-03-25,XBTUSD Curncy,6598.56,
2020-03-26,XBTUSD Curncy,6744.69,
2020-03-27,XBTUSD Curncy,6683.67,
2020-03-30,XBTUSD Curncy,6477.56,
2020-03-31,XBTUSD Curncy,6481.37,
2020-04-01,XBTUSD Curncy,6351.21,
2020-04-02,XBTUSD Curncy,6749.37,
2020-04-03,XBTUSD Curncy,6703.55,
2020-04-06,XBTUSD Curncy,7231.12,
2020-04-07,XBTUSD Curncy,7118.23,
2020-04-08,XBTUSD Curncy,7325.08,
2020-04-09,XBTUSD Curncy,7306.08,
2020-04-10,XBTUSD Curncy,6920.1,
2020-04-13,XBTUSD Curncy,6828.62,
2020-04-14,XBTUSD Curncy,6873.41,
2020-04-15,XBTUSD Curncy,6752.45,
2020-04-16,XBTUSD Curncy,7060.08,
2020-04-17,XBTUSD Curncy,7060.14,
2020-04-20,XBTUSD Curncy,6868.11,
2020-04-21,XBTUSD Curncy,6894.6,
2020-04-22,XBTUSD Curncy,7119.34,
2020-04-23,XBTUSD Curncy,7541.59,
2020-04-24,XBTUSD Curncy,7533.88,
2020-04-27,XBTUSD Curncy,7708.12,
2020-04-28,XBTUSD Curncy,7736.85,
2020-04-29,XBTUSD Curncy,8933.48,
2020-04-30,XBTUSD Curncy,8826.56,
2020-05-01,XBTUSD Curncy,8734.2,
2020-05-04,XBTUSD Curncy,8921.68,
2020-05-05,XBTUSD Curncy,8951.51,
2020-05-06,XBTUSD Curncy,9250.9,
2020-05-07,XBTUSD Curncy,9801.31,
2020-05-08,XBTUSD Curncy,9998.9,
2020-05-11,XBTUSD Curncy,8636.21,
2020-05-12,XBTUSD Curncy,8824.98,
2020-05-13,XBTUSD Curncy,9300.04,
2020-05-14,XBTUSD Curncy,9656.61,
2020-05-15,XBTUSD Curncy,9241.91,
2020-05-18,XBTUSD Curncy,9677.73,
2020-05-19,XBTUSD Curncy,9690.24,
2020-05-20,XBTUSD Curncy,9588.55,
2020-05-21,XBTUSD Curncy,9056.92,
2020-05-22,XBTUSD Curncy,9181.0,
2020-05-25,XBTUSD Curncy,8914.38,
2020-05-26,XBTUSD Curncy,8859.07,
2020-05-27,XBTUSD Curncy,9163.42,
2020-05-28,XBTUSD Curncy,9446.84,
2020-05-29,XBTUSD Curncy,9415.96,
2020-06-01,XBTUSD Curncy,9680.19,
2020-06-02,XBTUSD Curncy,9522.85,
2020-06-03,XBTUSD Curncy,9583.65,
2020-06-04,XBTUSD Curncy,9783.87,
2020-06-05,XBTUSD Curncy,9712.33,
2020-06-08,XBTUSD Curncy,9702.87,
2020-06-09,XBTUSD Curncy,9749.6,
2020-06-10,XBTUSD Curncy,9867.63,
2020-06-11,XBTUSD Curncy,9340.86,
2020-06-12,XBTUSD Curncy,9463.3,
2020-06-15,XBTUSD Curncy,9481.06,
2020-06-16,XBTUSD Curncy,9494.7,
2020-06-17,XBTUSD Curncy,9374.04,
2020-06-18,XBTUSD Curncy,9343.09,
2020-06-19,XBTUSD Curncy,9315.35,
2020-06-22,XBTUSD Curncy,9645.06,
2020-06-23,XBTUSD Curncy,9629.89,
2020-06-24,XBTUSD Curncy,9288.58,
2020-06-25,XBTUSD Curncy,9275.81,
2020-06-26,XBTUSD Curncy,9190.26,
2020-06-29,XBTUSD Curncy,9180.36,
2020-06-30,XBTUSD Curncy,9147.09,
2020-07-01,XBTUSD Curncy,9239.05,
2020-07-02,XBTUSD Curncy,9082.38,
2020-07-03,XBTUSD Curncy,9092.7,
2020-07-06,XBTUSD Curncy,9277.06,
2020-07-07,XBTUSD Curncy,9254.79,
2020-07-08,XBTUSD Curncy,9430.25,
2020-07-09,XBTUSD Curncy,9237.04,
2020-07-10,XBTUSD Curncy,9235.1,
2020-07-13,XBTUSD Curncy,9249.8,
2020-07-14,XBTUSD Curncy,9272.83,
2020-07-15,XBTUSD Curncy,9213.7,
2020-07-16,XBTUSD Curncy,9103.61,
2020-07-17,XBTUSD Curncy,9157.69,
2020-07-20,XBTUSD Curncy,9175.47,
2020-07-21,XBTUSD Curncy,9376.53,
2020-07-22,XBTUSD Curncy,9377.3,
2020-07-23,XBTUSD Curncy,9593.77,
2020-07-24,XBTUSD Curncy,9629.62,
2020-07-27,XBTUSD Curncy,10891.81,
2020-07-28,XBTUSD Curncy,10981.18,
2020-07-29,XBTUSD Curncy,11222.15,
2020-07-30,XBTUSD Curncy,11150.47,
2020-07-31,XBTUSD Curncy,11345.63,
2020-08-03,XBTUSD Curncy,11383.53,
2020-08-04,XBTUSD Curncy,11214.45,
2020-08-05,XBTUSD Curncy,11692.68,
2020-08-06,XBTUSD Curncy,11851.58,
2020-08-07,XBTUSD Curncy,11575.83,
2020-08-10,XBTUSD Curncy,11859.27,
2020-08-11,XBTUSD Curncy,11212.89,
2020-08-12,XBTUSD Curncy,11565.95,
2020-08-13,XBTUSD Curncy,11615.32,
2020-08-14,XBTUSD Curncy,11770.13,
2020-08-17,XBTUSD Curncy,12327.23,
2020-08-18,XBTUSD Curncy,12030.11,
2020-08-19,XBTUSD Curncy,11715.31,
2020-08-20,XBTUSD Curncy,11863.08,
2020-08-21,XBTUSD Curncy,11621.41,
2020-08-24,XBTUSD Curncy,11731.2,
2020-08-25,XBTUSD Curncy,11265.47,
2020-08-26,XBTUSD Curncy,11513.5,
2020-08-27,XBTUSD Curncy,11267.05,
2020-08-28,XBTUSD Curncy,11502.58,
2020-08-31,XBTUSD Curncy,11678.6,
2020-09-01,XBTUSD Curncy,12022.35,
2020-09-02,XBTUSD Curncy,11375.47,
2020-09-03,XBTUSD Curncy,10785.86,
2020-09-04,XBTUSD Curncy,10606.46,
2020-09-07,XBTUSD Curncy,10154.11,
2020-09-08,XBTUSD Curncy,10016.81,
2020-09-09,XBTUSD Curncy,10259.62,
2020-09-10,XBTUSD Curncy,10307.29,
2020-09-11,XBTUSD Curncy,10329.82,
2020-09-14,XBTUSD Curncy,10694.29,
2020-09-15,XBTUSD Curncy,10867.34,
2020-09-16,XBTUSD Curncy,10998.05,
2020-09-17,XBTUSD Curncy,10937.41,
2020-09-18,XBTUSD Curncy,10890.68,
2020-09-21,XBTUSD Curncy,10479.79,
2020-09-22,XBTUSD Curncy,10516.06,
2020-09-23,XBTUSD Curncy,10224.14,
2020-09-24,XBTUSD Curncy,10631.74,
2020-09-25,XBTUSD Curncy,10717.46,
2020-09-28,XBTUSD Curncy,10871.25,
2020-09-29,XBTUSD Curncy,10756.95,
2020-09-30,XBTUSD Curncy,10706.95,
2020-10-01,XBTUSD Curncy,10606.06,
2020-10-02,XBTUSD Curncy,10547.65,
2020-10-05,XBTUSD Curncy,10741.28,
2020-10-06,XBTUSD Curncy,10549.5,
2020-10-07,XBTUSD Curncy,10661.08,
2020-10-08,XBTUSD Curncy,10898.05,
2020-10-09,XBTUSD Curncy,11041.96,
2020-10-12,XBTUSD Curncy,11568.4,
2020-10-13,XBTUSD Curncy,11434.88,
2020-10-14,XBTUSD Curncy,11393.36,
2020-10-15,XBTUSD Curncy,11545.26,
2020-10-16,XBTUSD Curncy,11319.41,
2020-10-19,XBTUSD Curncy,11735.13,
2020-10-20,XBTUSD Curncy,11904.78,
2020-10-21,XBTUSD Curncy,12855.5,
2020-10-22,XBTUSD Curncy,13124.02,
2020-10-23,XBTUSD Curncy,12942.9,
2020-10-26,XBTUSD Curncy,13019.83,
2020-10-27,XBTUSD Curncy,13620.54,
2020-10-28,XBTUSD Curncy,13213.48,
2020-10-29,XBTUSD Curncy,13486.71,
2020-10-30,XBTUSD Curncy,13639.46,
2020-11-02,XBTUSD Curncy,13619.76,
2020-11-03,XBTUSD Curncy,13741.48,
2020-11-04,XBTUSD Curncy,14008.75,
2020-11-05,XBTUSD Curncy,15243.85,
2020-11-06,XBTUSD Curncy,15553.32,
2020-11-09,XBTUSD Curncy,15387.48,
2020-11-10,XBTUSD Curncy,15389.01,
2020-11-11,XBTUSD Curncy,15831.57,
2020-11-12,XBTUSD Curncy,16159.74,
2020-11-13,XBTUSD Curncy,16294.47,
2020-11-16,XBTUSD Curncy,16704.72,
2020-11-17,XBTUSD Curncy,17639.21,
2020-11-18,XBTUSD Curncy,17786.57,
2020-11-19,XBTUSD Curncy,17946.04,
2020-11-20,XBTUSD Curncy,18589.49,
2020-11-23,XBTUSD Curncy,18422.02,
2020-11-24,XBTUSD Curncy,18944.86,
2020-11-25,XBTUSD Curncy,18880.69,
2020-11-26,XBTUSD Curncy,17055.5,
2020-11-27,XBTUSD Curncy,17005.85,
2020-11-30,XBTUSD Curncy,19378.61,
2020-12-01,XBTUSD Curncy,19055.69,
2020-12-02,XBTUSD Curncy,19156.67,
2020-12-03,XBTUSD Curncy,19462.14,
2020-12-04,XBTUSD Curncy,18825.45,
2020-12-07,XBTUSD Curncy,19084.67,
2020-12-08,XBTUSD Curncy,18773.5,
2020-12-09,XBTUSD Curncy,18520.56,
2020-12-10,XBTUSD Curncy,18349.98,
2020-12-11,XBTUSD Curncy,18101.38,
2020-12-14,XBTUSD Curncy,19199.17,
2020-12-15,XBTUSD Curncy,19424.24,
2020-12-16,XBTUSD Curncy,21206.36,
2020-12-17,XBTUSD Curncy,22779.13,
2020-12-18,XBTUSD Curncy,22901.2,
2020-12-21,XBTUSD Curncy,23142.45,
2020-12-22,XBTUSD Curncy,23437.95,
2020-12-23,XBTUSD Curncy,23297.72,
2020-12-24,XBTUSD Curncy,23405.27,
2020-12-25,XBTUSD Curncy,24411.43,
2020-12-28,XBTUSD Curncy,26599.22,
2020-12-29,XBTUSD Curncy,26895.14,
2020-12-30,XBTUSD Curncy,28904.39,
2020-12-31,XBTUSD Curncy,28996.28,
2021-01-01,XBTUSD Curncy,29250.59,
2021-01-04,XBTUSD Curncy,31037.38,
2021-01-05,XBTUSD Curncy,33792.24,
2021-01-06,XBTUSD Curncy,35939.27,
2021-01-07,XBTUSD Curncy,39733.0,
2021-01-08,XBTUSD Curncy,40040.7,
2021-01-11,XBTUSD Curncy,33964.38,
2021-01-12,XBTUSD Curncy,34712.73,
2021-01-13,XBTUSD Curncy,37283.48,
2021-01-14,XBTUSD Curncy,38765.5,
2021-01-15,XBTUSD Curncy,36261.52,
2021-01-18,XBTUSD Curncy,36234.13,
2021-01-19,XBTUSD Curncy,36489.64,
2021-01-20,XBTUSD Curncy,34913.07,
2021-01-21,XBTUSD Curncy,31217.0,
2021-01-22,XBTUSD Curncy,33322.33,
2021-01-25,XBTUSD Curncy,32701.29,
2021-01-26,XBTUSD Curncy,32017.04,
2021-01-27,XBTUSD Curncy,31005.85,
2021-01-28,XBTUSD Curncy,33248.02,
2021-01-29,XBTUSD Curncy,34641.09,
2021-02-01,XBTUSD Curncy,33664.82,
2021-02-02,XBTUSD Curncy,35687.9,
2021-02-03,XBTUSD Curncy,37294.95,
2021-02-04,XBTUSD Curncy,37681.13,
2021-02-05,XBTUSD Curncy,37858.84,
2021-02-08,XBTUSD Curncy,44691.74,
2021-02-09,XBTUSD Curncy,47335.77,
2021-02-10,XBTUSD Curncy,45039.51,
2021-02-11,XBTUSD Curncy,46931.97,
2021-02-12,XBTUSD Curncy,47947.17,
2021-02-15,XBTUSD Curncy,48203.45,
2021-02-16,XBTUSD Curncy,48585.51,
2021-02-17,XBTUSD Curncy,52400.42,
2021-02-18,XBTUSD Curncy,52037.53,
2021-02-19,XBTUSD Curncy,55629.08,
2021-02-22,XBTUSD Curncy,54938.64,
2021-02-23,XBTUSD Curncy,47962.92,
2021-02-24,XBTUSD Curncy,48758.53,
2021-02-25,XBTUSD Curncy,48083.51,
2021-02-26,XBTUSD Curncy,45672.06,
2021-03-01,XBTUSD Curncy,48856.4,
2021-03-02,XBTUSD Curncy,47451.1,
2021-03-03,XBTUSD Curncy,50952.74,
2021-03-04,XBTUSD Curncy,47918.88,
2021-03-05,XBTUSD Curncy,49053.13,
2021-03-08,XBTUSD Curncy,51878.94,
2021-03-09,XBTUSD Curncy,54320.06,
2021-03-10,XBTUSD Curncy,56931.78,
2021-03-11,XBTUSD Curncy,57624.02,
2021-03-12,XBTUSD Curncy,56965.96,
2021-03-15,XBTUSD Curncy,56414.61,
2021-03-16,XBTUSD Curncy,56388.15,
2021-03-17,XBTUSD Curncy,57751.66,
2021-03-18,XBTUSD Curncy,57501.51,
2021-03-19,XBTUSD Curncy,58410.01,
2021-03-22,XBTUSD Curncy,54554.83,
2021-03-23,XBTUSD Curncy,54447.56,
2021-03-24,XBTUSD Curncy,54050.57,
2021-03-25,XBTUSD Curncy,52001.01,
2021-03-26,XBTUSD Curncy,54002.49,
2021-03-29,XBTUSD Curncy,57234.35,
2021-03-30,XBTUSD Curncy,58673.67,
2021-03-31,XBTUSD Curncy,58960.2,
2021-04-01,XBTUSD Curncy,58859.78,
2021-04-02,XBTUSD Curncy,58674.76,
2021-04-05,XBTUSD Curncy,58799.14,
2021-04-06,XBTUSD Curncy,58243.87,
2021-04-07,XBTUSD Curncy,56227.64,
2021-04-08,XBTUSD Curncy,57679.16,
2021-04-09,XBTUSD Curncy,58333.6,
2021-04-12,XBTUSD Curncy,59977.92,
2021-04-13,XBTUSD Curncy,63193.56,
2021-04-14,XBTUSD Curncy,62384.19,
2021-04-15,XBTUSD Curncy,63410.29,
2021-04-16,XBTUSD Curncy,62005.42,
2021-04-19,XBTUSD Curncy,56210.89,
2021-04-20,XBTUSD Curncy,56800.5,
2021-04-21,XBTUSD Curncy,54996.31,
2021-04-22,XBTUSD Curncy,51593.44,
2021-04-23,XBTUSD Curncy,50567.72,
2021-04-26,XBTUSD Curncy,53262.87,
2021-04-27,XBTUSD Curncy,55192.62,
2021-04-28,XBTUSD Curncy,54438.68,
2021-04-29,XBTUSD Curncy,52990.9,
2021-04-30,XBTUSD Curncy,56814.44,
2021-05-03,XBTUSD Curncy,56811.66,
2021-05-04,XBTUSD Curncy,54770.39,
2021-05-05,XBTUSD Curncy,56895.44,
2021-05-06,XBTUSD Curncy,55955.47,
2021-05-07,XBTUSD Curncy,57684.39,
2021-05-10,XBTUSD Curncy,55308.81,
2021-05-11,XBTUSD Curncy,56911.32,
2021-05-12,XBTUSD Curncy,54482.81,
2021-05-13,XBTUSD Curncy,49312.81,
2021-05-14,XBTUSD Curncy,49193.56,
2021-05-17,XBTUSD Curncy,44816.08,
2021-05-18,XBTUSD Curncy,43294.36,
2021-05-19,XBTUSD Curncy,38336.11,
2021-05-20,XBTUSD Curncy,40078.49,
2021-05-21,XBTUSD Curncy,35251.36,
2021-05-24,XBTUSD Curncy,39024.16,
2021-05-25,XBTUSD Curncy,37646.5,
2021-05-26,XBTUSD Curncy,38774.5,
2021-05-27,XBTUSD Curncy,38495.29,
2021-05-28,XBTUSD Curncy,35218.36,
2021-05-31,XBTUSD Curncy,36690.89,
2021-06-01,XBTUSD Curncy,36322.98,
2021-06-02,XBTUSD Curncy,37745.13,
2021-06-03,XBTUSD Curncy,38705.27,
2021-06-04,XBTUSD Curncy,37056.79,
2021-06-07,XBTUSD Curncy,34457.74,
2021-06-08,XBTUSD Curncy,33629.96,
2021-06-09,XBTUSD Curncy,36408.39,
2021-06-10,XBTUSD Curncy,36494.56,
2021-06-11,XBTUSD Curncy,37152.15,
2021-06-14,XBTUSD Curncy,39831.58,
2021-06-15,XBTUSD Curncy,39948.77,
2021-06-16,XBTUSD Curncy,38532.5,
2021-06-17,XBTUSD Curncy,37747.52,
2021-06-18,XBTUSD Curncy,35517.31,
2021-06-21,XBTUSD Curncy,32582.59,
2021-06-22,XBTUSD Curncy,32903.52,
2021-06-23,XBTUSD Curncy,33059.18,
2021-06-24,XBTUSD Curncy,34859.9,
2021-06-25,XBTUSD Curncy,32215.31,
2021-06-28,XBTUSD Curncy,34677.77,
2021-06-29,XBTUSD Curncy,36168.2,
2021-06-30,XBTUSD Curncy,34585.0,
2021-07-01,XBTUSD Curncy,33422.0,
2021-07-02,XBTUSD Curncy,33142.64,
2021-07-05,XBTUSD Curncy,33855.36,
2021-07-06,XBTUSD Curncy,33957.11,
2021-07-07,XBTUSD Curncy,34544.86,
2021-07-08,XBTUSD Curncy,32815.73,
2021-07-09,XBTUSD Curncy,33522.57,
2021-07-12,XBTUSD Curncy,32849.59,
2021-07-13,XBTUSD Curncy,32508.34,
2021-07-14,XBTUSD Curncy,32813.83,
2021-07-15,XBTUSD Curncy,31758.37,
2021-07-16,XBTUSD Curncy,31842.51,
2021-07-19,XBTUSD Curncy,30776.39,
2021-07-20,XBTUSD Curncy,29865.53,
2021-07-21,XBTUSD Curncy,31818.67,
2021-07-22,XBTUSD Curncy,32247.75,
2021-07-23,XBTUSD Curncy,32500.7,
2021-07-26,XBTUSD Curncy,37751.68,
2021-07-27,XBTUSD Curncy,38044.5,
2021-07-28,XBTUSD Curncy,39985.95,
2021-07-29,XBTUSD Curncy,39722.08,
2021-07-30,XBTUSD Curncy,40689.27,
2021-08-02,XBTUSD Curncy,38856.63,
2021-08-03,XBTUSD Curncy,38072.95,
2021-08-04,XBTUSD Curncy,39754.38,
2021-08-05,XBTUSD Curncy,40899.36,
2021-08-06,XBTUSD Curncy,42719.51,
2021-08-09,XBTUSD Curncy,45464.51,
2021-08-10,XBTUSD Curncy,45642.9,
2021-08-11,XBTUSD Curncy,46345.49,
2021-08-12,XBTUSD Curncy,44480.11,
2021-08-13,XBTUSD Curncy,47609.88,
2021-08-16,XBTUSD Curncy,46078.11,
2021-08-17,XBTUSD Curncy,44992.1,
2021-08-18,XBTUSD Curncy,44546.67,
2021-08-19,XBTUSD Curncy,46587.99,
2021-08-20,XBTUSD Curncy,48668.03,
2021-08-23,XBTUSD Curncy,49515.08,
2021-08-24,XBTUSD Curncy,48345.65,
2021-08-25,XBTUSD Curncy,48712.63,
2021-08-26,XBTUSD Curncy,47036.43,
2021-08-27,XBTUSD Curncy,48921.81,
2021-08-30,XBTUSD Curncy,48648.9,
2021-08-31,XBTUSD Curncy,47008.53,
2021-09-01,XBTUSD Curncy,48272.51,
2021-09-02,XBTUSD Curncy,49562.1,
2021-09-03,XBTUSD Curncy,50152.52,
2021-09-06,XBTUSD Curncy,51934.74,
2021-09-07,XBTUSD Curncy,46819.01,
2021-09-08,XBTUSD Curncy,46060.72,
2021-09-09,XBTUSD Curncy,46256.1,
2021-09-10,XBTUSD Curncy,45077.81,
2021-09-13,XBTUSD Curncy,45187.52,
2021-09-14,XBTUSD Curncy,46828.18,
2021-09-15,XBTUSD Curncy,47941.58,
2021-09-16,XBTUSD Curncy,47149.38,
2021-09-17,XBTUSD Curncy,46990.35,
2021-09-20,XBTUSD Curncy,43537.86,
2021-09-21,XBTUSD Curncy,40926.74,
2021-09-22,XBTUSD Curncy,43451.15,
2021-09-23,XBTUSD Curncy,44710.2,
2021-09-24,XBTUSD Curncy,42981.54,
2021-09-27,XBTUSD Curncy,42706.99,
2021-09-28,XBTUSD Curncy,41785.9,
2021-09-29,XBTUSD Curncy,41125.06,
2021-09-30,XBTUSD Curncy,43436.35,
2021-10-01,XBTUSD Curncy,48132.9,
2021-10-04,XBTUSD Curncy,49006.15,
2021-10-05,XBTUSD Curncy,51474.19,
2021-10-06,XBTUSD Curncy,54936.9,
2021-10-07,XBTUSD Curncy,54184.24,
2021-10-08,XBTUSD Curncy,53993.31,
2021-10-11,XBTUSD Curncy,57341.5,
2021-10-12,XBTUSD Curncy,55362.51,
2021-10-13,XBTUSD Curncy,56982.87,
2021-10-14,XBTUSD Curncy,57443.04,
2021-10-15,XBTUSD Curncy,62526.67,
2021-10-18,XBTUSD Curncy,61367.44,
2021-10-19,XBTUSD Curncy,64121.31,
2021-10-20,XBTUSD Curncy,65996.35,
2021-10-21,XBTUSD Curncy,62680.43,
2021-10-22,XBTUSD Curncy,60726.01,
2021-10-25,XBTUSD Curncy,62544.64,
2021-10-26,XBTUSD Curncy,62096.9,
2021-10-27,XBTUSD Curncy,58924.76,
2021-10-28,XBTUSD Curncy,61395.58,
2021-10-29,XBTUSD Curncy,62395.66,
2021-11-01,XBTUSD Curncy,60727.52,
2021-11-02,XBTUSD Curncy,63141.03,
2021-11-03,XBTUSD Curncy,62776.06,
2021-11-04,XBTUSD Curncy,61365.05,
2021-11-05,XBTUSD Curncy,60976.2,
2021-11-08,XBTUSD Curncy,66138.54,
2021-11-09,XBTUSD Curncy,67734.04,
2021-11-10,XBTUSD Curncy,64293.61,
2021-11-11,XBTUSD Curncy,65069.89,
2021-11-12,XBTUSD Curncy,64100.68,
2021-11-15,XBTUSD Curncy,63899.88,
2021-11-16,XBTUSD Curncy,60488.5,
2021-11-17,XBTUSD Curncy,60117.19,
2021-11-18,XBTUSD Curncy,57595.39,
2021-11-19,XBTUSD Curncy,57869.63,
2021-11-22,XBTUSD Curncy,56278.01,
2021-11-23,XBTUSD Curncy,57709.14,
2021-11-24,XBTUSD Curncy,57331.67,
2021-11-25,XBTUSD Curncy,58855.15,
2021-11-26,XBTUSD Curncy,54019.74,
2021-11-29,XBTUSD Curncy,58316.89,
2021-11-30,XBTUSD Curncy,57138.67,
2021-12-01,XBTUSD Curncy,57029.49,
2021-12-02,XBTUSD Curncy,56903.45,
2021-12-03,XBTUSD Curncy,53655.27,
2021-12-06,XBTUSD Curncy,50120.56,
2021-12-07,XBTUSD Curncy,50527.72,
2021-12-08,XBTUSD Curncy,50635.11,
2021-12-09,XBTUSD Curncy,47997.76,
2021-12-10,XBTUSD Curncy,47952.18,
2021-12-13,XBTUSD Curncy,46828.95,
2021-12-14,XBTUSD Curncy,48310.62,
2021-12-15,XBTUSD Curncy,49192.58,
2021-12-16,XBTUSD Curncy,48111.68,
2021-12-17,XBTUSD Curncy,46873.03,
2021-12-20,XBTUSD Curncy,46987.56,
2021-12-21,XBTUSD Curncy,49106.42,
2021-12-22,XBTUSD Curncy,49073.95,
2021-12-23,XBTUSD Curncy,50849.2,
2021-12-24,XBTUSD Curncy,50908.79,
2021-12-27,XBTUSD Curncy,50989.1,
2021-12-28,XBTUSD Curncy,47561.31,
2021-12-29,XBTUSD Curncy,47232.15,
2021-12-30,XBTUSD Curncy,47298.35,
2021-12-31,XBTUSD Curncy,46333.65,
2022-01-03,XBTUSD Curncy,45997.26,
2022-01-04,XBTUSD Curncy,46220.42,
2022-01-05,XBTUSD Curncy,43603.88,
2022-01-06,XBTUSD Curncy,43120.88,
2022-01-07,XBTUSD Curncy,41881.75,
2022-01-10,XBTUSD Curncy,41729.31,
2022-01-11,XBTUSD Curncy,42687.27,
2022-01-12,XBTUSD Curncy,43793.81,
2022-01-13,XBTUSD Curncy,42828.59,
2022-01-14,XBTUSD Curncy,43321.7,
2022-01-17,XBTUSD Curncy,41743.99,
2022-01-18,XBTUSD Curncy,42395.22,
2022-01-19,XBTUSD Curncy,41724.22,
2022-01-20,XBTUSD Curncy,41326.77,
2022-01-21,XBTUSD Curncy,36692.38,
2022-01-24,XBTUSD Curncy,36828.36,
2022-01-25,XBTUSD Curncy,36579.75,
2022-01-26,XBTUSD Curncy,36356.7,
2022-01-27,XBTUSD Curncy,36198.95,
2022-01-28,XBTUSD Curncy,37807.95,
2022-01-31,XBTUSD Curncy,38437.84,
2022-02-01,XBTUSD Curncy,38813.82,
2022-02-02,XBTUSD Curncy,36936.93,
2022-02-03,XBTUSD Curncy,36964.58,
2022-02-04,XBTUSD Curncy,40647.25,
2022-02-07,XBTUSD Curncy,44102.99,
2022-02-08,XBTUSD Curncy,44230.11,
2022-02-09,XBTUSD Curncy,44497.51,
2022-02-10,XBTUSD Curncy,43776.42,
2022-02-11,XBTUSD Curncy,42563.24,
2022-02-14,XBTUSD Curncy,42249.01,
2022-02-15,XBTUSD Curncy,43999.15,
2022-02-16,XBTUSD Curncy,44092.86,
2022-02-17,XBTUSD Curncy,40699.63,
2022-02-18,XBTUSD Curncy,39991.9,
2022-02-21,XBTUSD Curncy,37076.09,
2022-02-22,XBTUSD Curncy,37893.47,
2022-02-23,XBTUSD Curncy,37543.5,
2022-02-24,XBTUSD Curncy,38414.95,
2022-02-25,XBTUSD Curncy,38994.5,
2022-02-28,XBTUSD Curncy,41654.97,
2022-03-01,XBTUSD Curncy,43900.24,
2022-03-02,XBTUSD Curncy,44090.72,
2022-03-03,XBTUSD Curncy,42096.97,
2022-03-04,XBTUSD Curncy,39393.7,
2022-03-07,XBTUSD Curncy,37839.36,
2022-03-08,XBTUSD Curncy,38506.43,
2022-03-09,XBTUSD Curncy,41893.74,
2022-03-10,XBTUSD Curncy,39329.95,
2022-03-11,XBTUSD Curncy,38860.7,
2022-03-14,XBTUSD Curncy,38725.24,
2022-03-15,XBTUSD Curncy,39441.9,
2022-03-16,XBTUSD Curncy,41258.79,
2022-03-17,XBTUSD Curncy,40724.56,
2022-03-18,XBTUSD Curncy,41755.9,
2022-03-21,XBTUSD Curncy,41136.88,
2022-03-22,XBTUSD Curncy,42606.24,
2022-03-23,XBTUSD Curncy,42368.58,
2022-03-24,XBTUSD Curncy,43895.65,
2022-03-25,XBTUSD Curncy,44577.76,
2022-03-28,XBTUSD Curncy,47967.56,
2022-03-29,XBTUSD Curncy,47486.26,
2022-03-30,XBTUSD Curncy,47277.24,
2022-03-31,XBTUSD Curncy,45767.58,
2022-04-01,XBTUSD Curncy,46168.58,
2022-04-04,XBTUSD Curncy,46311.76,
2022-04-05,XBTUSD Curncy,45868.99,
2022-04-06,XBTUSD Curncy,43885.38,
2022-04-07,XBTUSD Curncy,43577.22,
2022-04-08,XBTUSD Curncy,42815.77,
2022-04-11,XBTUSD Curncy,39846.47,
2022-04-12,XBTUSD Curncy,39534.08,
2022-04-13,XBTUSD Curncy,41254.52,
2022-04-14,XBTUSD Curncy,39915.93,
2022-04-15,XBTUSD Curncy,40404.52,
2022-04-18,XBTUSD Curncy,40673.67,
2022-04-19,XBTUSD Curncy,41297.9,
2022-04-20,XBTUSD Curncy,41430.79,
2022-04-21,XBTUSD Curncy,40615.45,
2022-04-22,XBTUSD Curncy,39621.31,
2022-04-25,XBTUSD Curncy,40186.18,
2022-04-26,XBTUSD Curncy,38123.52,
2022-04-27,XBTUSD Curncy,39106.93,
2022-04-28,XBTUSD Curncy,39889.27,
2022-04-29,XBTUSD Curncy,38560.04,
2022-05-02,XBTUSD Curncy,38312.41,
2022-05-03,XBTUSD Curncy,37784.82,
2022-05-04,XBTUSD Curncy,39800.33,
2022-05-05,XBTUSD Curncy,36456.02,
2022-05-06,XBTUSD Curncy,36077.29,
2022-05-09,XBTUSD Curncy,30959.3,
2022-05-10,XBTUSD Curncy,31000.83,
2022-05-11,XBTUSD Curncy,28402.78,
2022-05-12,XBTUSD Curncy,28546.25,
2022-05-13,XBTUSD Curncy,29760.13,
2022-05-16,XBTUSD Curncy,29908.75,
2022-05-17,XBTUSD Curncy,30077.8,
2022-05-18,XBTUSD Curncy,29205.89,
2022-05-19,XBTUSD Curncy,30231.08,
2022-05-20,XBTUSD Curncy,29117.13,
2022-05-23,XBTUSD Curncy,29314.55,
2022-05-24,XBTUSD Curncy,29438.3,
2022-05-25,XBTUSD Curncy,29764.46,
2022-05-26,XBTUSD Curncy,29437.55,
2022-05-27,XBTUSD Curncy,28728.9,
2022-05-30,XBTUSD Curncy,31257.74,
2022-05-31,XBTUSD Curncy,31788.28,
2022-06-01,XBTUSD Curncy,29621.61,
2022-06-02,XBTUSD Curncy,30225.18,
2022-06-03,XBTUSD Curncy,29640.5,
2022-06-06,XBTUSD Curncy,31438.72,
2022-06-07,XBTUSD Curncy,31330.81,
2022-06-08,XBTUSD Curncy,30179.77,
2022-06-09,XBTUSD Curncy,30161.34,
2022-06-10,XBTUSD Curncy,29177.39,
2022-06-13,XBTUSD Curncy,23209.61,
2022-06-14,XBTUSD Curncy,21966.38,
2022-06-15,XBTUSD Curncy,21640.29,
2022-06-16,XBTUSD Curncy,20677.24,
2022-06-17,XBTUSD Curncy,20630.54,
2022-06-20,XBTUSD Curncy,20427.23,
2022-06-21,XBTUSD Curncy,20838.45,
2022-06-22,XBTUSD Curncy,19857.05,
2022-06-23,XBTUSD Curncy,20795.38,
2022-06-24,XBTUSD Curncy,21183.82,
2022-06-27,XBTUSD Curncy,20898.65,
2022-06-28,XBTUSD Curncy,20247.7,
2022-06-29,XBTUSD Curncy,20197.75,
2022-06-30,XBTUSD Curncy,18731.3,
2022-07-01,XBTUSD Curncy,19406.69,
2022-07-04,XBTUSD Curncy,19755.85,
2022-07-05,XBTUSD Curncy,20441.63,
2022-07-06,XBTUSD Curncy,20380.0,
2022-07-07,XBTUSD Curncy,21610.58,
2022-07-08,XBTUSD Curncy,21846.53,
2022-07-11,XBTUSD Curncy,20409.54,
2022-07-12,XBTUSD Curncy,19443.28,
2022-07-13,XBTUSD Curncy,19657.01,
2022-07-14,XBTUSD Curncy,20667.93,
2022-07-15,XBTUSD Curncy,20926.53,
2022-07-18,XBTUSD Curncy,21487.97,
2022-07-19,XBTUSD Curncy,23304.71,
2022-07-20,XBTUSD Curncy,23258.12,
2022-07-21,XBTUSD Curncy,23123.88,
2022-07-22,XBTUSD Curncy,22605.38,
2022-07-25,XBTUSD Curncy,22171.68,
2022-07-26,XBTUSD Curncy,20985.62,
2022-07-27,XBTUSD Curncy,22784.97,
2022-07-28,XBTUSD Curncy,24033.74,
2022-07-29,XBTUSD Curncy,23951.94,
2022-08-01,XBTUSD Curncy,23129.11,
2022-08-02,XBTUSD Curncy,23029.66,
2022-08-03,XBTUSD Curncy,23327.08,
2022-08-04,XBTUSD Curncy,22513.58,
2022-08-05,XBTUSD Curncy,22985.34,
2022-08-08,XBTUSD Curncy,24072.39,
2022-08-09,XBTUSD Curncy,23144.84,
2022-08-10,XBTUSD Curncy,23904.94,
2022-08-11,XBTUSD Curncy,24216.28,
2022-08-12,XBTUSD Curncy,24240.76,
2022-08-15,XBTUSD Curncy,24074.01,
2022-08-16,XBTUSD Curncy,23984.02,
2022-08-17,XBTUSD Curncy,23407.4,
2022-08-18,XBTUSD Curncy,23416.76,
2022-08-19,XBTUSD Curncy,21274.36,
2022-08-22,XBTUSD Curncy,21124.4,
2022-08-23,XBTUSD Curncy,21477.74,
2022-08-24,XBTUSD Curncy,21692.74,
2022-08-25,XBTUSD Curncy,21647.93,
2022-08-26,XBTUSD Curncy,20650.41,
2022-08-29,XBTUSD Curncy,20177.32,
2022-08-30,XBTUSD Curncy,19975.94,
2022-08-31,XBTUSD Curncy,20196.67,
2022-09-01,XBTUSD Curncy,20071.34,
2022-09-02,XBTUSD Curncy,19969.21,
2022-09-05,XBTUSD Curncy,19742.13,
2022-09-06,XBTUSD Curncy,18978.5,
2022-09-07,XBTUSD Curncy,19387.15,
2022-09-08,XBTUSD Curncy,19379.74,
2022-09-09,XBTUSD Curncy,21300.3,
2022-09-12,XBTUSD Curncy,22409.58,
2022-09-13,XBTUSD Curncy,20240.4,
2022-09-14,XBTUSD Curncy,19946.38,
2022-09-15,XBTUSD Curncy,19852.49,
2022-09-16,XBTUSD Curncy,19751.07,
2022-09-19,XBTUSD Curncy,19522.21,
2022-09-20,XBTUSD Curncy,18974.31,
2022-09-21,XBTUSD Curncy,18926.45,
2022-09-22,XBTUSD Curncy,19247.72,
2022-09-23,XBTUSD Curncy,18852.06,
2022-09-26,XBTUSD Curncy,19113.38,
2022-09-27,XBTUSD Curncy,19072.71,
2022-09-28,XBTUSD Curncy,19567.79,
2022-09-29,XBTUSD Curncy,19508.14,
2022-09-30,XBTUSD Curncy,19425.13,
2022-10-03,XBTUSD Curncy,19597.13,
2022-10-04,XBTUSD Curncy,20340.91,
2022-10-05,XBTUSD Curncy,19988.42,
2022-10-06,XBTUSD Curncy,20051.13,
2022-10-07,XBTUSD Curncy,19551.56,
2022-10-10,XBTUSD Curncy,19241.2,
2022-10-11,XBTUSD Curncy,19019.1,
2022-10-12,XBTUSD Curncy,19169.43,
2022-10-13,XBTUSD Curncy,19386.99,
2022-10-14,XBTUSD Curncy,19177.31,
2022-10-17,XBTUSD Curncy,19529.38,
2022-10-18,XBTUSD Curncy,19367.71,
2022-10-19,XBTUSD Curncy,19196.47,
2022-10-20,XBTUSD Curncy,19030.39,
2022-10-21,XBTUSD Curncy,19181.79,
2022-10-24,XBTUSD Curncy,19382.19,
2022-10-25,XBTUSD Curncy,20189.29,
2022-10-26,XBTUSD Curncy,20752.38,
2022-10-27,XBTUSD Curncy,20399.52,
2022-10-28,XBTUSD Curncy,20635.82,
2022-10-31,XBTUSD Curncy,20405.66,
2022-11-01,XBTUSD Curncy,20479.4,
2022-11-02,XBTUSD Curncy,20175.79,
2022-11-03,XBTUSD Curncy,20238.8,
2022-11-04,XBTUSD Curncy,21135.44,
2022-11-07,XBTUSD Curncy,20683.87,
2022-11-08,XBTUSD Curncy,18698.63,
2022-11-09,XBTUSD Curncy,15731.3,
2022-11-10,XBTUSD Curncy,17807.64,
2022-11-11,XBTUSD Curncy,16757.37,
2022-11-14,XBTUSD Curncy,16385.41,
2022-11-15,XBTUSD Curncy,16890.18,
2022-11-16,XBTUSD Curncy,16531.47,
2022-11-17,XBTUSD Curncy,16680.76,
2022-11-18,XBTUSD Curncy,16637.36,
2022-11-21,XBTUSD Curncy,15631.95,
2022-11-22,XBTUSD Curncy,16130.03,
2022-11-23,XBTUSD Curncy,16471.9,
2022-11-24,XBTUSD Curncy,16543.55,
2022-11-25,XBTUSD Curncy,16497.05,
2022-11-28,XBTUSD Curncy,16196.39,
2022-11-29,XBTUSD Curncy,16460.7,
2022-11-30,XBTUSD Curncy,17104.5,
2022-12-01,XBTUSD Curncy,16929.96,
2022-12-02,XBTUSD Curncy,17014.59,
2022-12-05,XBTUSD Curncy,16972.24,
2022-12-06,XBTUSD Curncy,16994.34,
2022-12-07,XBTUSD Curncy,16830.68,
2022-12-08,XBTUSD Curncy,17184.1,
2022-12-09,XBTUSD Curncy,17113.29,
2022-12-12,XBTUSD Curncy,17177.78,
2022-12-13,XBTUSD Curncy,17762.0,
2022-12-14,XBTUSD Curncy,17828.9,
2022-12-15,XBTUSD Curncy,17399.63,
2022-12-16,XBTUSD Curncy,16837.95,
2022-12-19,XBTUSD Curncy,16586.82,
2022-12-20,XBTUSD Curncy,16881.54,
2022-12-21,XBTUSD Curncy,16793.1,
2022-12-22,XBTUSD Curncy,16792.25,
2022-12-23,XBTUSD Curncy,16811.33,
2022-12-26,XBTUSD Curncy,16833.01,
2022-12-27,XBTUSD Curncy,16692.55,
2022-12-28,XBTUSD Curncy,16517.32,
2022-12-29,XBTUSD Curncy,16593.4,
2022-12-30,XBTUSD Curncy,16579.06,
2023-01-02,XBTUSD Curncy,16750.94,
2023-01-03,XBTUSD Curncy,16661.86,
2023-01-04,XBTUSD Curncy,16821.82,
2023-01-05,XBTUSD Curncy,16844.62,
2023-01-06,XBTUSD Curncy,16927.86,
2023-01-09,XBTUSD Curncy,17181.34,
2023-01-10,XBTUSD Curncy,17466.71,
2023-01-11,XBTUSD Curncy,17560.6,
2023-01-12,XBTUSD Curncy,18830.98,
2023-01-13,XBTUSD Curncy,19813.55,
2023-01-16,XBTUSD Curncy,21133.18,
2023-01-17,XBTUSD Curncy,21316.08,
2023-01-18,XBTUSD Curncy,20778.65,
2023-01-19,XBTUSD Curncy,20939.64,
2023-01-20,XBTUSD Curncy,22318.24,
2023-01-23,XBTUSD Curncy,22998.16,
2023-01-24,XBTUSD Curncy,22904.83,
2023-01-25,XBTUSD Curncy,23598.24,
2023-01-26,XBTUSD Curncy,23080.96,
2023-01-27,XBTUSD Curncy,23092.0,
2023-01-30,XBTUSD Curncy,22747.14,
2023-01-31,XBTUSD Curncy,22950.56,
2023-02-01,XBTUSD Curncy,23682.05,
2023-02-02,XBTUSD Curncy,23460.05,
2023-02-03,XBTUSD Curncy,23383.51,
2023-02-06,XBTUSD Curncy,22916.21,
2023-02-07,XBTUSD Curncy,23199.48,
2023-02-08,XBTUSD Curncy,22959.05,
2023-02-09,XBTUSD Curncy,21857.43,
2023-02-10,XBTUSD Curncy,21540.9,
2023-02-13,XBTUSD Curncy,21630.92,
2023-02-14,XBTUSD Curncy,22252.63,
2023-02-15,XBTUSD Curncy,24179.13,
2023-02-16,XBTUSD Curncy,24535.46,
2023-02-17,XBTUSD Curncy,24487.25,
2023-02-20,XBTUSD Curncy,24769.17,
2023-02-21,XBTUSD Curncy,24199.85,
2023-02-22,XBTUSD Curncy,23805.88,
2023-02-23,XBTUSD Curncy,23878.02,
2023-02-24,XBTUSD Curncy,23101.79,
2023-02-27,XBTUSD Curncy,23384.87,
2023-02-28,XBTUSD Curncy,23146.88,
2023-03-01,XBTUSD Curncy,23558.34,
2023-03-02,XBTUSD Curncy,23415.5,
2023-03-03,XBTUSD Curncy,22242.64,
2023-03-06,XBTUSD Curncy,22408.87,
2023-03-07,XBTUSD Curncy,22055.35,
2023-03-08,XBTUSD Curncy,22006.5,
2023-03-09,XBTUSD Curncy,20226.09,
2023-03-10,XBTUSD Curncy,20101.78,
2023-03-13,XBTUSD Curncy,24234.19,
2023-03-14,XBTUSD Curncy,24636.25,
2023-03-15,XBTUSD Curncy,24391.4,
2023-03-16,XBTUSD Curncy,24753.63,
2023-03-17,XBTUSD Curncy,26823.38,
2023-03-20,XBTUSD Curncy,28082.46,
2023-03-21,XBTUSD Curncy,28154.56,
2023-03-22,XBTUSD Curncy,27392.32,
2023-03-23,XBTUSD Curncy,28333.0,
2023-03-24,XBTUSD Curncy,27618.28,
2023-03-27,XBTUSD Curncy,27048.29,
2023-03-28,XBTUSD Curncy,27313.73,
2023-03-29,XBTUSD Curncy,28393.0,
2023-03-30,XBTUSD Curncy,28152.28,
2023-03-31,XBTUSD Curncy,28395.3,
2023-04-03,XBTUSD Curncy,27588.08,
2023-04-04,XBTUSD Curncy,28257.1,
2023-04-05,XBTUSD Curncy,28157.09,
2023-04-06,XBTUSD Curncy,27992.29,
2023-04-07,XBTUSD Curncy,27890.37,
2023-04-10,XBTUSD Curncy,29142.36,
2023-04-11,XBTUSD Curncy,30192.1,
2023-04-12,XBTUSD Curncy,29968.01,
2023-04-13,XBTUSD Curncy,30285.33,
2023-04-14,XBTUSD Curncy,30470.31,
2023-04-17,XBTUSD Curncy,29459.36,
2023-04-18,XBTUSD Curncy,30422.0,
2023-04-19,XBTUSD Curncy,29249.26,
2023-04-20,XBTUSD Curncy,28203.91,
2023-04-21,XBTUSD Curncy,27272.1,
2023-04-24,XBTUSD Curncy,27460.55,
2023-04-25,XBTUSD Curncy,27979.6,
2023-04-26,XBTUSD Curncy,28417.5,
2023-04-27,XBTUSD Curncy,29633.43,
2023-04-28,XBTUSD Curncy,29354.75,
2023-05-01,XBTUSD Curncy,27683.13,
2023-05-02,XBTUSD Curncy,28695.82,
2023-05-03,XBTUSD Curncy,28528.95,
2023-05-04,XBTUSD Curncy,28884.06,
2023-05-05,XBTUSD Curncy,29524.75,
2023-05-08,XBTUSD Curncy,27562.71,
2023-05-09,XBTUSD Curncy,27659.74,
2023-05-10,XBTUSD Curncy,27875.64,
2023-05-11,XBTUSD Curncy,27009.45,
2023-05-12,XBTUSD Curncy,26447.7,
2023-05-15,XBTUSD Curncy,27354.85,
2023-05-16,XBTUSD Curncy,26956.57,
2023-05-17,XBTUSD Curncy,27337.78,
2023-05-18,XBTUSD Curncy,26726.05,
2023-05-19,XBTUSD Curncy,26839.54,
2023-05-22,XBTUSD Curncy,26899.28,
2023-05-23,XBTUSD Curncy,27223.3,
2023-05-24,XBTUSD Curncy,26401.81,
2023-05-25,XBTUSD Curncy,26490.2,
2023-05-26,XBTUSD Curncy,26759.28,
2023-05-29,XBTUSD Curncy,27693.13,
2023-05-30,XBTUSD Curncy,27772.51,
2023-05-31,XBTUSD Curncy,27117.1,
2023-06-01,XBTUSD Curncy,26868.32,
2023-06-02,XBTUSD Curncy,27183.62,
2023-06-05,XBTUSD Curncy,25641.7,
2023-06-06,XBTUSD Curncy,26945.16,
2023-06-07,XBTUSD Curncy,26363.47,
2023-06-08,XBTUSD Curncy,26645.5,
2023-06-09,XBTUSD Curncy,26444.43,
2023-06-12,XBTUSD Curncy,25895.0,
2023-06-13,XBTUSD Curncy,25849.13,
2023-06-14,XBTUSD Curncy,24928.57,
2023-06-15,XBTUSD Curncy,25547.99,
2023-06-16,XBTUSD Curncy,26394.71,
2023-06-19,XBTUSD Curncy,26718.39,
2023-06-20,XBTUSD Curncy,28169.64,
2023-06-21,XBTUSD Curncy,29985.4,
2023-06-22,XBTUSD Curncy,30157.31,
2023-06-23,XBTUSD Curncy,30928.74,
2023-06-26,XBTUSD Curncy,30163.13,
2023-06-27,XBTUSD Curncy,30655.23,
2023-06-28,XBTUSD Curncy,30104.08,
2023-06-29,XBTUSD Curncy,30400.46,
2023-06-30,XBTUSD Curncy,30390.91,
2023-07-03,XBTUSD Curncy,31128.76,
2023-07-04,XBTUSD Curncy,30807.48,
2023-07-05,XBTUSD Curncy,30470.54,
2023-07-06,XBTUSD Curncy,30315.91,
2023-07-07,XBTUSD Curncy,30272.41,
2023-07-10,XBTUSD Curncy,30785.96,
2023-07-11,XBTUSD Curncy,30578.75,
2023-07-12,XBTUSD Curncy,30351.84,
2023-07-13,XBTUSD Curncy,31386.0,
2023-07-14,XBTUSD Curncy,30206.0,
2023-07-17,XBTUSD Curncy,29931.93,
2023-07-18,XBTUSD Curncy,29784.08,
2023-07-19,XBTUSD Curncy,29966.89,
2023-07-20,XBTUSD Curncy,29737.02,
2023-07-21,XBTUSD Curncy,29883.66,
2023-07-24,XBTUSD Curncy,29145.13,
2023-07-25,XBTUSD Curncy,29229.74,
2023-07-26,XBTUSD Curncy,29589.43,
2023-07-27,XBTUSD Curncy,29143.93,
2023-07-28,XBTUSD Curncy,29342.44,
2023-07-31,XBTUSD Curncy,29206.8,
2023-08-01,XBTUSD Curncy,29212.88,
2023-08-02,XBTUSD Curncy,29119.79,
2023-08-03,XBTUSD Curncy,29284.99,
2023-08-04,XBTUSD Curncy,28937.67,
2023-08-07,XBTUSD Curncy,29159.17,
2023-08-08,XBTUSD Curncy,29984.24,
2023-08-09,XBTUSD Curncy,29483.38,
2023-08-10,XBTUSD Curncy,29421.05,
2023-08-11,XBTUSD Curncy,29387.01,
2023-08-14,XBTUSD Curncy,29366.8,
2023-08-15,XBTUSD Curncy,29171.58,
2023-08-16,XBTUSD Curncy,28940.39,
2023-08-17,XBTUSD Curncy,27642.0,
2023-08-18,XBTUSD Curncy,26071.78,
2023-08-21,XBTUSD Curncy,26109.71,
2023-08-22,XBTUSD Curncy,25856.99,
2023-08-23,XBTUSD Curncy,26591.76,
2023-08-24,XBTUSD Curncy,26016.62,
2023-08-25,XBTUSD Curncy,26048.87,
2023-08-28,XBTUSD Curncy,25981.81,
2023-08-29,XBTUSD Curncy,27579.74,
2023-08-30,XBTUSD Curncy,27253.38,
2023-08-31,XBTUSD Curncy,26013.12,
2023-09-01,XBTUSD Curncy,25759.54,
2023-09-04,XBTUSD Curncy,25828.28,
2023-09-05,XBTUSD Curncy,25705.85,
2023-09-06,XBTUSD Curncy,25669.79,
2023-09-07,XBTUSD Curncy,26002.0,
2023-09-08,XBTUSD Curncy,25902.0,
2023-09-11,XBTUSD Curncy,25087.36,
2023-09-12,XBTUSD Curncy,26074.38,
2023-09-13,XBTUSD Curncy,26225.8,
2023-09-14,XBTUSD Curncy,26578.75,
2023-09-15,XBTUSD Curncy,26418.35,
2023-09-18,XBTUSD Curncy,26774.69,
2023-09-19,XBTUSD Curncy,27192.0,
2023-09-20,XBTUSD Curncy,27094.68,
2023-09-21,XBTUSD Curncy,26601.66,
2023-09-22,XBTUSD Curncy,26537.68,
2023-09-25,XBTUSD Curncy,26289.25,
2023-09-26,XBTUSD Curncy,26148.13,
2023-09-27,XBTUSD Curncy,26238.72,
2023-09-28,XBTUSD Curncy,27089.32,
2023-09-29,XBTUSD Curncy,26903.18,
2023-10-02,XBTUSD Curncy,27842.16,
2023-10-03,XBTUSD Curncy,27396.6,
2023-10-04,XBTUSD Curncy,27659.68,
2023-10-05,XBTUSD Curncy,27479.0,
2023-10-06,XBTUSD Curncy,27995.25,
2023-10-09,XBTUSD Curncy,27576.46,
2023-10-10,XBTUSD Curncy,27405.48,
2023-10-11,XBTUSD Curncy,26717.11,
2023-10-12,XBTUSD Curncy,26737.69,
2023-10-13,XBTUSD Curncy,26976.51,
2023-10-16,XBTUSD Curncy,28405.38,
2023-10-17,XBTUSD Curncy,28459.42,
2023-10-18,XBTUSD Curncy,28260.0,
2023-10-19,XBTUSD Curncy,28728.04,
2023-10-20,XBTUSD Curncy,29601.0,
2023-10-23,XBTUSD Curncy,31537.58,
2023-10-24,XBTUSD Curncy,33651.38,
2023-10-25,XBTUSD Curncy,34680.57,
2023-10-26,XBTUSD Curncy,34191.55,
2023-10-27,XBTUSD Curncy,33836.54,
2023-10-30,XBTUSD Curncy,34439.91,
2023-10-31,XBTUSD Curncy,34650.56,
2023-11-01,XBTUSD Curncy,35455.73,
2023-11-02,XBTUSD Curncy,34917.45,
2023-11-03,XBTUSD Curncy,34621.06,
2023-11-06,XBTUSD Curncy,35030.04,
2023-11-07,XBTUSD Curncy,35501.52,
2023-11-08,XBTUSD Curncy,35593.56,
2023-11-09,XBTUSD Curncy,36541.56,
2023-11-10,XBTUSD Curncy,37292.81,
2023-11-13,XBTUSD Curncy,36493.45,
2023-11-14,XBTUSD Curncy,35585.81,
2023-11-15,XBTUSD Curncy,37647.84,
2023-11-16,XBTUSD Curncy,35965.5,
2023-11-17,XBTUSD Curncy,36418.61,
2023-11-20,XBTUSD Curncy,37426.45,
2023-11-21,XBTUSD Curncy,36841.04,
2023-11-22,XBTUSD Curncy,37625.0,
2023-11-23,XBTUSD Curncy,37253.9,
2023-11-24,XBTUSD Curncy,37858.25,
2023-11-27,XBTUSD Curncy,37032.56,
2023-11-28,XBTUSD Curncy,37967.5,
2023-11-29,XBTUSD Curncy,37737.0,
2023-11-30,XBTUSD Curncy,37750.77,
2023-12-01,XBTUSD Curncy,38796.61,
2023-12-04,XBTUSD Curncy,42036.51,
2023-12-05,XBTUSD Curncy,43900.51,
2023-12-06,XBTUSD Curncy,43822.33,
2023-12-07,XBTUSD Curncy,43390.95,
2023-12-08,XBTUSD Curncy,44554.76,
2023-12-11,XBTUSD Curncy,41182.0,
2023-12-12,XBTUSD Curncy,41088.75,
2023-12-13,XBTUSD Curncy,42993.29,
2023-12-14,XBTUSD Curncy,42994.83,
2023-12-15,XBTUSD Curncy,42240.95,
2023-12-18,XBTUSD Curncy,42614.99,
2023-12-19,XBTUSD Curncy,42495.81,
2023-12-20,XBTUSD Curncy,43449.76,
2023-12-21,XBTUSD Curncy,44004.47,
2023-12-22,XBTUSD Curncy,43747.1,
2023-12-25,XBTUSD Curncy,43531.11,
2023-12-26,XBTUSD Curncy,42340.74,
2023-12-27,XBTUSD Curncy,43395.74,
2023-12-28,XBTUSD Curncy,42472.51,
2023-12-29,XBTUSD Curncy,41935.34,
2024-01-01,XBTUSD Curncy,43628.4,
2024-01-02,XBTUSD Curncy,45127.01,
2024-01-03,XBTUSD Curncy,42938.06,
2024-01-04,XBTUSD Curncy,44488.33,
2024-01-05,XBTUSD Curncy,43970.52,
2024-01-08,XBTUSD Curncy,47114.68,
2024-01-09,XBTUSD Curncy,45427.01,
2024-01-10,XBTUSD Curncy,45945.61,
2024-01-11,XBTUSD Curncy,46163.13,
2024-01-12,XBTUSD Curncy,43426.6,
2024-01-15,XBTUSD Curncy,42687.31,
2024-01-16,XBTUSD Curncy,43434.42,
2024-01-17,XBTUSD Curncy,42637.06,
2024-01-18,XBTUSD Curncy,41069.92,
2024-01-19,XBTUSD Curncy,41602.18,
2024-01-22,XBTUSD Curncy,39815.45,
2024-01-23,XBTUSD Curncy,39201.77,
2024-01-24,XBTUSD Curncy,39765.38,
2024-01-25,XBTUSD Curncy,39904.41,
2024-01-26,XBTUSD Curncy,41994.36,
2024-01-29,XBTUSD Curncy,43185.4,
2024-01-30,XBTUSD Curncy,43547.31,
2024-01-31,XBTUSD Curncy,42458.43,
2024-02-01,XBTUSD Curncy,43085.26,
2024-02-02,XBTUSD Curncy,42979.38,
2024-02-05,XBTUSD Curncy,42342.38,
2024-02-06,XBTUSD Curncy,43163.65,
2024-02-07,XBTUSD Curncy,44188.33,
2024-02-08,XBTUSD Curncy,45331.74,
2024-02-09,XBTUSD Curncy,47547.04,
2024-02-12,XBTUSD Curncy,49843.24,
2024-02-13,XBTUSD Curncy,49563.06,
2024-02-14,XBTUSD Curncy,51772.71,
2024-02-15,XBTUSD Curncy,51371.31,
2024-02-16,XBTUSD Curncy,52016.4,
2024-02-19,XBTUSD Curncy,51906.55,
2024-02-20,XBTUSD Curncy,52037.65,
2024-02-21,XBTUSD Curncy,51388.56,
2024-02-22,XBTUSD Curncy,51650.63,
2024-02-23,XBTUSD Curncy,50981.2,
2024-02-26,XBTUSD Curncy,54656.39,
2024-02-27,XBTUSD Curncy,56731.14,
2024-02-28,XBTUSD Curncy,60550.68,
2024-02-29,XBTUSD Curncy,61430.64,
2024-03-01,XBTUSD Curncy,62589.24,
2024-03-04,XBTUSD Curncy,67494.73,
2024-03-05,XBTUSD Curncy,63330.43,
2024-03-06,XBTUSD Curncy,66481.26,
2024-03-07,XBTUSD Curncy,67332.89,
2024-03-08,XBTUSD Curncy,68398.85,
2024-03-11,XBTUSD Curncy,72115.85,
2024-03-12,XBTUSD Curncy,71063.39,
2024-03-13,XBTUSD Curncy,73157.29,
2024-03-14,XBTUSD Curncy,70681.39,
2024-03-15,XBTUSD Curncy,67859.14,
2024-03-18,XBTUSD Curncy,67352.39,
2024-03-19,XBTUSD Curncy,63749.51,
2024-03-20,XBTUSD Curncy,67078.54,
2024-03-21,XBTUSD Curncy,65466.78,
2024-03-22,XBTUSD Curncy,63509.03,
2024-03-25,XBTUSD Curncy,70959.89,
2024-03-26,XBTUSD Curncy,69825.01,
2024-03-27,XBTUSD Curncy,68862.16,
2024-03-28,XBTUSD Curncy,70712.89,
2024-03-29,XBTUSD Curncy,69654.16,
2024-04-01,XBTUSD Curncy,69767.89,
2024-04-02,XBTUSD Curncy,65702.14,
2024-04-03,XBTUSD Curncy,65742.2,
2024-04-04,XBTUSD Curncy,67948.37,
2024-04-05,XBTUSD Curncy,67660.41,
2024-04-08,XBTUSD Curncy,71706.37,
2024-04-09,XBTUSD Curncy,69127.2,
2024-04-10,XBTUSD Curncy,69807.51,
2024-04-11,XBTUSD Curncy,70509.59,
2024-04-12,XBTUSD Curncy,67127.64,
2024-04-15,XBTUSD Curncy,63152.49,
2024-04-16,XBTUSD Curncy,63039.97,
2024-04-17,XBTUSD Curncy,60855.27,
2024-04-18,XBTUSD Curncy,63528.51,
2024-04-19,XBTUSD Curncy,64071.26,
2024-04-22,XBTUSD Curncy,66538.41,
2024-04-23,XBTUSD Curncy,66353.7,
2024-04-24,XBTUSD Curncy,64049.7,
2024-04-25,XBTUSD Curncy,64796.69,
2024-04-26,XBTUSD Curncy,63939.27,
2024-04-29,XBTUSD Curncy,62943.49,
2024-04-30,XBTUSD Curncy,59868.89,
2024-05-01,XBTUSD Curncy,57293.55,
2024-05-02,XBTUSD Curncy,58743.14,
2024-05-03,XBTUSD Curncy,62928.89,
2024-05-06,XBTUSD Curncy,63301.55,
2024-05-07,XBTUSD Curncy,62973.05,
2024-05-08,XBTUSD Curncy,61568.87,
2024-05-09,XBTUSD Curncy,62633.68,
2024-05-10,XBTUSD Curncy,60501.2,
2024-05-13,XBTUSD Curncy,63089.33,
2024-05-14,XBTUSD Curncy,61579.46,
2024-05-15,XBTUSD Curncy,65981.66,
2024-05-16,XBTUSD Curncy,65279.32,
2024-05-17,XBTUSD Curncy,66926.64,
2024-05-20,XBTUSD Curncy,69522.56,
2024-05-21,XBTUSD Curncy,69711.51,
2024-05-22,XBTUSD Curncy,69411.32,
2024-05-23,XBTUSD Curncy,67753.41,
2024-05-24,XBTUSD Curncy,68849.43,
2024-05-27,XBTUSD Curncy,69590.89,
2024-05-28,XBTUSD Curncy,68241.51,
2024-05-29,XBTUSD Curncy,67410.37,
2024-05-30,XBTUSD Curncy,68469.51,
2024-05-31,XBTUSD Curncy,67630.41,
2024-06-03,XBTUSD Curncy,69097.7,
2024-06-04,XBTUSD Curncy,70422.79,
2024-06-05,XBTUSD Curncy,71216.04,
2024-06-06,XBTUSD Curncy,70688.73,
2024-06-07,XBTUSD Curncy,69270.57,
2024-06-10,XBTUSD Curncy,69608.6,
2024-06-11,XBTUSD Curncy,67280.16,
2024-06-12,XBTUSD Curncy,68083.66,
2024-06-13,XBTUSD Curncy,66676.76,
2024-06-14,XBTUSD Curncy,65734.85,
2024-06-17,XBTUSD Curncy,66375.54,
2024-06-18,XBTUSD Curncy,64891.21,
2024-06-19,XBTUSD Curncy,64851.51,
2024-06-20,XBTUSD Curncy,65060.38,
2024-06-21,XBTUSD Curncy,64168.01,
2024-06-24,XBTUSD Curncy,59474.74,
2024-06-25,XBTUSD Curncy,61914.64,
2024-06-26,XBTUSD Curncy,60954.51,
2024-06-27,XBTUSD Curncy,61418.85,
2024-06-28,XBTUSD Curncy,60118.16,
2024-07-01,XBTUSD Curncy,63236.01,
2024-07-02,XBTUSD Curncy,61922.42,
2024-07-03,XBTUSD Curncy,59542.7,
2024-07-04,XBTUSD Curncy,58329.01,
2024-07-05,XBTUSD Curncy,56354.49,
2024-07-08,XBTUSD Curncy,56258.41,
2024-07-09,XBTUSD Curncy,57928.24,
2024-07-10,XBTUSD Curncy,57404.96,
2024-07-11,XBTUSD Curncy,57553.71,
2024-07-12,XBTUSD Curncy,57558.83,
2024-07-15,XBTUSD Curncy,63779.01,
2024-07-16,XBTUSD Curncy,64695.41,
2024-07-17,XBTUSD Curncy,64523.61,
2024-07-18,XBTUSD Curncy,63818.99,
2024-07-19,XBTUSD Curncy,66985.87,
2024-07-22,XBTUSD Curncy,68147.89,
2024-07-23,XBTUSD Curncy,65854.09,
2024-07-24,XBTUSD Curncy,66042.98,
2024-07-25,XBTUSD Curncy,65275.46,
2024-07-26,XBTUSD Curncy,67448.64,
2024-07-29,XBTUSD Curncy,67367.26,
2024-07-30,XBTUSD Curncy,66174.57,
2024-07-31,XBTUSD Curncy,64559.96,
2024-08-01,XBTUSD Curncy,64694.03,
2024-08-02,XBTUSD Curncy,62551.57,
2024-08-05,XBTUSD Curncy,54395.26,
2024-08-06,XBTUSD Curncy,56571.57,
2024-08-07,XBTUSD Curncy,55154.01,
2024-08-08,XBTUSD Curncy,59537.8,
2024-08-09,XBTUSD Curncy,60776.95,
2024-08-12,XBTUSD Curncy,58856.37,
2024-08-13,XBTUSD Curncy,60587.07,
2024-08-14,XBTUSD Curncy,59157.9,
2024-08-15,XBTUSD Curncy,56681.01,
2024-08-16,XBTUSD Curncy,59299.16,
2024-08-19,XBTUSD Curncy,59103.84,
2024-08-20,XBTUSD Curncy,59310.72,
2024-08-21,XBTUSD Curncy,61246.11,
2024-08-22,XBTUSD Curncy,60683.46,
2024-08-23,XBTUSD Curncy,63685.64,
2024-08-26,XBTUSD Curncy,63448.51,
2024-08-27,XBTUSD Curncy,61853.2,
2024-08-28,XBTUSD Curncy,59347.96,
2024-08-29,XBTUSD Curncy,59532.78,
2024-08-30,XBTUSD Curncy,59045.4,
2024-09-02,XBTUSD Curncy,59003.52,
2024-09-03,XBTUSD Curncy,58213.26,
2024-09-04,XBTUSD Curncy,58043.68,
2024-09-05,XBTUSD Curncy,56074.06,
2024-09-06,XBTUSD Curncy,52856.51,
2024-09-09,XBTUSD Curncy,57021.01,
2024-09-10,XBTUSD Curncy,57575.28,
2024-09-11,XBTUSD Curncy,57495.02,
2024-09-12,XBTUSD Curncy,58194.64,
2024-09-13,XBTUSD Curncy,59878.39,
2024-09-16,XBTUSD Curncy,57668.86,
2024-09-17,XBTUSD Curncy,60137.4,
2024-09-18,XBTUSD Curncy,60232.24,
2024-09-19,XBTUSD Curncy,63042.1,
2024-09-20,XBTUSD Curncy,62823.51,
2024-09-23,XBTUSD Curncy,63317.34,
2024-09-24,XBTUSD Curncy,64227.01,
2024-09-25,XBTUSD Curncy,63488.74,
2024-09-26,XBTUSD Curncy,64678.85,
2024-09-27,XBTUSD Curncy,65813.57,
2024-09-30,XBTUSD Curncy,63785.09,
2024-10-01,XBTUSD Curncy,60786.64,
2024-10-02,XBTUSD Curncy,60905.21,
2024-10-03,XBTUSD Curncy,60776.03,
2024-10-04,XBTUSD Curncy,62420.23,
2024-10-07,XBTUSD Curncy,63009.26,
2024-10-08,XBTUSD Curncy,62348.77,
2024-10-09,XBTUSD Curncy,60393.26,
2024-10-10,XBTUSD Curncy,59728.65,
2024-10-11,XBTUSD Curncy,63002.15,
2024-10-14,XBTUSD Curncy,65906.29,
2024-10-15,XBTUSD Curncy,66480.39,
2024-10-16,XBTUSD Curncy,67620.07,
2024-10-17,XBTUSD Curncy,66934.03,
2024-10-18,XBTUSD Curncy,68419.6,
2024-10-21,XBTUSD Curncy,67721.2,
2024-10-22,XBTUSD Curncy,67498.07,
2024-10-23,XBTUSD Curncy,66586.37,
2024-10-24,XBTUSD Curncy,68149.93,
2024-10-25,XBTUSD Curncy,66768.48,
2024-10-28,XBTUSD Curncy,69610.57,
2024-10-29,XBTUSD Curncy,72310.41,
2024-10-30,XBTUSD Curncy,72834.6,
2024-10-31,XBTUSD Curncy,69937.51,
2024-11-01,XBTUSD Curncy,69195.41,
2024-11-04,XBTUSD Curncy,67086.01,
2024-11-05,XBTUSD Curncy,69162.79,
2024-11-06,XBTUSD Curncy,75959.32,
2024-11-07,XBTUSD Curncy,75959.78,
2024-11-08,XBTUSD Curncy,76529.92,
2024-11-11,XBTUSD Curncy,88014.53,
2024-11-12,XBTUSD Curncy,88320.23,
2024-11-13,XBTUSD Curncy,88633.92,
2024-11-14,XBTUSD Curncy,88213.6,
2024-11-15,XBTUSD Curncy,91740.37,
2024-11-18,XBTUSD Curncy,91370.51,
2024-11-19,XBTUSD Curncy,92306.2,
2024-11-20,XBTUSD Curncy,94463.65,
2024-11-21,XBTUSD Curncy,98084.99,
2024-11-22,XBTUSD Curncy,99420.01,
2024-11-25,XBTUSD Curncy,93714.51,
2024-11-26,XBTUSD Curncy,91651.14,
2024-11-27,XBTUSD Curncy,96400.51,
2024-11-28,XBTUSD Curncy,95132.86,
2024-11-29,XBTUSD Curncy,97460.39,
2024-12-02,XBTUSD Curncy,95419.96,
2024-12-03,XBTUSD Curncy,96086.07,
2024-12-04,XBTUSD Curncy,97876.14,
2024-12-05,XBTUSD Curncy,99029.87,
2024-12-06,XBTUSD Curncy,100566.11,
2024-12-09,XBTUSD Curncy,96935.04,
2024-12-10,XBTUSD Curncy,96911.36,
2024-12-11,XBTUSD Curncy,101612.51,
2024-12-12,XBTUSD Curncy,99787.04,
2024-12-13,XBTUSD Curncy,101342.01,
2024-12-16,XBTUSD Curncy,106075.01,
2024-12-17,XBTUSD Curncy,106407.51,
2024-12-18,XBTUSD Curncy,100950.51,
2024-12-19,XBTUSD Curncy,97327.84,
2024-12-20,XBTUSD Curncy,96557.17,
2024-12-23,XBTUSD Curncy,93847.37,
2024-12-24,XBTUSD Curncy,98322.95,
2024-12-25,XBTUSD Curncy,98428.04,
2024-12-26,XBTUSD Curncy,95696.78,
2024-12-27,XBTUSD Curncy,94400.07,
2024-12-30,XBTUSD Curncy,91918.95,
2024-12-31,XBTUSD Curncy,93714.04,
2025-01-01,XBTUSD Curncy,94771.56,
2025-01-02,XBTUSD Curncy,97123.79,
2025-01-03,XBTUSD Curncy,98243.4,
2025-01-06,XBTUSD Curncy,101661.91,
2025-01-07,XBTUSD Curncy,96478.53,
2025-01-08,XBTUSD Curncy,94457.9,
2025-01-09,XBTUSD Curncy,92106.9,
2025-01-10,XBTUSD Curncy,94620.17,
2025-01-13,XBTUSD Curncy,94171.43,
2025-01-14,XBTUSD Curncy,96434.37,
2025-01-15,XBTUSD Curncy,99678.9,
2025-01-16,XBTUSD Curncy,100135.61,
2025-01-17,XBTUSD Curncy,104640.01,
2025-01-20,XBTUSD Curncy,102494.61,
2025-01-21,XBTUSD Curncy,106788.72,
2025-01-22,XBTUSD Curncy,104071.31,
2025-01-23,XBTUSD Curncy,103131.11,
2025-01-24,XBTUSD Curncy,105111.41,
2025-01-27,XBTUSD Curncy,101341.41,
2025-01-28,XBTUSD Curncy,100287.01,
2025-01-29,XBTUSD Curncy,103751.41,
2025-01-30,XBTUSD Curncy,105059.41,
2025-01-31,XBTUSD Curncy,102110.01,
2025-02-03,XBTUSD Curncy,101934.81,
2025-02-04,XBTUSD Curncy,96530.36,
2025-02-05,XBTUSD Curncy,96935.73,
2025-02-06,XBTUSD Curncy,96811.79,
2025-02-07,XBTUSD Curncy,96019.98,
2025-02-10,XBTUSD Curncy,97402.99,
2025-02-11,XBTUSD Curncy,96376.21,
2025-02-12,XBTUSD Curncy,97663.11,
2025-02-13,XBTUSD Curncy,96491.67,
2025-02-14,XBTUSD Curncy,97503.15,
2025-02-17,XBTUSD Curncy,96417.79,
2025-02-18,XBTUSD Curncy,95008.45,
2025-02-19,XBTUSD Curncy,96315.42,
2025-02-20,XBTUSD Curncy,98131.18,
2025-02-21,XBTUSD Curncy,95325.37,
2025-02-24,XBTUSD Curncy,93957.79,
2025-02-25,XBTUSD Curncy,88701.92,
2025-02-26,XBTUSD Curncy,84470.18,
2025-02-27,XBTUSD Curncy,84285.18,
2025-02-28,XBTUSD Curncy,84212.07,
2025-03-03,XBTUSD Curncy,85314.51,
2025-03-04,XBTUSD Curncy,87499.37,
2025-03-05,XBTUSD Curncy,90375.01,
2025-03-06,XBTUSD Curncy,89842.68,
2025-03-07,XBTUSD Curncy,86282.15,
2025-03-10,XBTUSD Curncy,79272.09,
2025-03-11,XBTUSD Curncy,82785.57,
2025-03-12,XBTUSD Curncy,83107.01,
2025-03-13,XBTUSD Curncy,80323.17,
2025-03-14,XBTUSD Curncy,84154.04,
2025-03-17,XBTUSD Curncy,83958.01,
2025-03-18,XBTUSD Curncy,82031.45,
2025-03-19,XBTUSD Curncy,85377.85,
2025-03-20,XBTUSD Curncy,84504.07,
2025-03-21,XBTUSD Curncy,84183.37,
2025-03-24,XBTUSD Curncy,87879.82,
2025-03-25,XBTUSD Curncy,87897.82,
2025-03-26,XBTUSD Curncy,87286.31,
2025-03-27,XBTUSD Curncy,87309.14,
2025-03-28,XBTUSD Curncy,83758.98,
2025-03-31,XBTUSD Curncy,82421.29,
2025-04-01,XBTUSD Curncy,85243.64,
2025-04-02,XBTUSD Curncy,85653.54,
2025-04-03,XBTUSD Curncy,82315.85,
2025-04-04,XBTUSD Curncy,84129.73,
2025-04-07,XBTUSD Curncy,78923.14,
2025-04-08,XBTUSD Curncy,77052.89,
2025-04-09,XBTUSD Curncy,83173.76,
2025-04-10,XBTUSD Curncy,79879.18,
2025-04-11,XBTUSD Curncy,83820.6,
2025-04-14,XBTUSD Curncy,84848.06,
2025-04-15,XBTUSD Curncy,84016.48,
2025-04-16,XBTUSD Curncy,84308.09,
2025-04-17,XBTUSD Curncy,85139.14,
2025-04-18,XBTUSD Curncy,84501.93,
2025-04-21,XBTUSD Curncy,87354.6,
2025-04-22,XBTUSD Curncy,91177.46,
2025-04-23,XBTUSD Curncy,93686.03,
2025-04-24,XBTUSD Curncy,93454.23,
2025-04-25,XBTUSD Curncy,94966.87,
2025-04-28,XBTUSD Curncy,94506.03,
2025-04-29,XBTUSD Curncy,94873.95,
2025-04-30,XBTUSD Curncy,94581.18,
2025-05-01,XBTUSD Curncy,96463.2,
2025-05-02,XBTUSD Curncy,97063.65,
2025-05-05,XBTUSD Curncy,94240.37,
2025-05-06,XBTUSD Curncy,94701.79,
2025-05-07,XBTUSD Curncy,96794.09,
2025-05-08,XBTUSD Curncy,102616.61,
2025-05-09,XBTUSD Curncy,103195.81,
2025-05-12,XBTUSD Curncy,102693.31,
2025-05-13,XBTUSD Curncy,104599.51,
2025-05-14,XBTUSD Curncy,103573.61,
2025-05-15,XBTUSD Curncy,103463.61,
2025-05-16,XBTUSD Curncy,103712.31,
2025-05-19,XBTUSD Curncy,105485.91,
2025-05-20,XBTUSD Curncy,106953.22,
2025-05-21,XBTUSD Curncy,108282.41,
2025-05-22,XBTUSD Curncy,111092.22,
2025-05-23,XBTUSD Curncy,108261.31,
2025-05-26,XBTUSD Curncy,109619.22,
2025-05-27,XBTUSD Curncy,109615.91,
2025-05-28,XBTUSD Curncy,107335.72,
2025-05-29,XBTUSD Curncy,106179.22,
2025-05-30,XBTUSD Curncy,104597.81,
2025-06-02,XBTUSD Curncy,104931.91,
2025-06-03,XBTUSD Curncy,105810.72,
2025-06-04,XBTUSD Curncy,104668.31,
2025-06-05,XBTUSD Curncy,100503.81,
2025-06-06,XBTUSD Curncy,104574.41,
2025-06-09,XBTUSD Curncy,108770.01,
2025-06-10,XBTUSD Curncy,109979.61,
2025-06-11,XBTUSD Curncy,108933.11,
2025-06-12,XBTUSD Curncy,106012.81,
2025-06-13,XBTUSD Curncy,105472.51,
2025-06-16,XBTUSD Curncy,108833.22,
2025-06-17,XBTUSD Curncy,104392.11,
2025-06-18,XBTUSD Curncy,104836.11,
2025-06-19,XBTUSD Curncy,104297.01,
2025-06-20,XBTUSD Curncy,103721.91,
2025-06-23,XBTUSD Curncy,103802.81,
2025-06-24,XBTUSD Curncy,106143.11,
2025-06-25,XBTUSD Curncy,107848.31,
2025-06-26,XBTUSD Curncy,107811.61,
2025-06-27,XBTUSD Curncy,107169.81,
2025-06-30,XBTUSD Curncy,107606.61,
2025-07-01,XBTUSD Curncy,105949.31,
2025-07-02,XBTUSD Curncy,109213.41,
2025-07-03,XBTUSD Curncy,109985.51,
2025-07-04,XBTUSD Curncy,107741.81,
2025-07-07,XBTUSD Curncy,107900.91,
2025-07-08,XBTUSD Curncy,108682.81,
2025-07-09,XBTUSD Curncy,110758.81,
2025-07-10,XBTUSD Curncy,113584.72,
2025-07-11,XBTUSD Curncy,117730.81,
2025-07-14,XBTUSD Curncy,120198.01,
2025-07-15,XBTUSD Curncy,116440.51,
2025-07-16,XBTUSD Curncy,119972.91,
2025-07-17,XBTUSD Curncy,119480.12,
2025-07-18,XBTUSD Curncy,117489.12,
2025-07-21,XBTUSD Curncy,116990.81,
2025-07-22,XBTUSD Curncy,119772.22,
2025-07-23,XBTUSD Curncy,117961.72,
2025-07-24,XBTUSD Curncy,118780.41,
2025-07-25,XBTUSD Curncy,117104.31,
2025-07-28,XBTUSD Curncy,118040.22,
2025-07-29,XBTUSD Curncy,117479.31,
2025-07-30,XBTUSD Curncy,117143.62,
2025-07-31,XBTUSD Curncy,116491.12,
2025-08-01,XBTUSD Curncy,113905.41,
2025-08-04,XBTUSD Curncy,114821.41,
2025-08-05,XBTUSD Curncy,113687.51,
2025-08-06,XBTUSD Curncy,115088.22,
2025-08-07,XBTUSD Curncy,117239.91,
2025-08-08,XBTUSD Curncy,116915.22,
2025-08-11,XBTUSD Curncy,118856.31,
2025-08-12,XBTUSD Curncy,120177.31,
2025-08-13,XBTUSD Curncy,122951.91,
2025-08-14,XBTUSD Curncy,117957.12,
2025-08-15,XBTUSD Curncy,117370.81,
2025-08-18,XBTUSD Curncy,116474.22,
2025-08-19,XBTUSD Curncy,113553.72,
2025-08-20,XBTUSD Curncy,114387.01,
2025-08-21,XBTUSD Curncy,112420.81,
2025-08-22,XBTUSD Curncy,117042.51,
2025-08-25,XBTUSD Curncy,109574.81,
2025-08-26,XBTUSD Curncy,111356.41,
2025-08-27,XBTUSD Curncy,112421.91,
2025-08-28,XBTUSD Curncy,111924.51,
2025-08-29,XBTUSD Curncy,107800.31,
2025-09-01,XBTUSD Curncy,108873.11,
2025-09-02,XBTUSD Curncy,111424.51,
2025-09-03,XBTUSD Curncy,112263.72,
2025-09-04,XBTUSD Curncy,110407.01,
2025-09-05,XBTUSD Curncy,111644.51,
2025-09-08,XBTUSD Curncy,111986.51,
2025-09-09,XBTUSD Curncy,111517.81,
2025-09-10,XBTUSD Curncy,113618.81,
2025-09-11,XBTUSD Curncy,114428.01,
2025-09-12,XBTUSD Curncy,116255.31,
2025-09-15,XBTUSD Curncy,115409.81,
2025-09-16,XBTUSD Curncy,116894.22,
2025-09-17,XBTUSD Curncy,115656.22,
2025-09-18,XBTUSD Curncy,117579.51,
2025-09-19,XBTUSD Curncy,115389.41,
2025-09-22,XBTUSD Curncy,112849.41,
2025-09-23,XBTUSD Curncy,112017.31,
2025-09-24,XBTUSD Curncy,113571.01,
2025-09-25,XBTUSD Curncy,109200.61,
2025-09-26,XBTUSD Curncy,109361.22,
2025-09-29,XBTUSD Curncy,114322.62,
2025-09-30,XBTUSD Curncy,114640.81,
2025-10-01,XBTUSD Curncy,117592.31,
2025-10-02,XBTUSD Curncy,120711.41,
2025-10-03,XBTUSD Curncy,122545.41,
2025-10-06,XBTUSD Curncy,125260.81,
2025-10-07,XBTUSD Curncy,122014.51,
2025-10-08,XBTUSD Curncy,122903.51,
2025-10-09,XBTUSD Curncy,121175.51,
2025-10-10,XBTUSD Curncy,114341.41,
2025-10-13,XBTUSD Curncy,115818.41,
2025-10-14,XBTUSD Curncy,113054.72,
2025-10-15,XBTUSD Curncy,111177.01,
2025-10-16,XBTUSD Curncy,107886.31,
2025-10-17,XBTUSD Curncy,107048.51,
2025-10-20,XBTUSD Curncy,111128.51,
2025-10-21,XBTUSD Curncy,110857.91,
2025-10-22,XBTUSD Curncy,107689.61,
2025-10-23,XBTUSD Curncy,109568.01,
2025-10-24,XBTUSD Curncy,110916.61,
2025-10-27,XBTUSD Curncy,114469.62,
2025-10-28,XBTUSD Curncy,112832.31,
2025-10-29,XBTUSD Curncy,111451.31,
2025-10-30,XBTUSD Curncy,107508.72,
2025-10-31,XBTUSD Curncy,109428.01,
2025-11-03,XBTUSD Curncy,106866.61,
2025-11-04,XBTUSD Curncy,100265.51,
2025-11-05,XBTUSD Curncy,103659.22,
2025-11-06,XBTUSD Curncy,101080.61,
2025-11-07,XBTUSD Curncy,103837.91,
2025-11-10,XBTUSD Curncy,105603.81,
2025-11-11,XBTUSD Curncy,104017.98,
